IMAGE\LABEL,airplane,bare-soil,buildings,cars,chaparral,court,dock,field,grass,mobile-home,pavement,sand,sea,ship,tanks,trees,water
1.tif,0,0,0,0,0,0,0,1,0,0,0,0,0,0,0,1,0
2.tif,0,0,0,0,0,0,0,1,0,0,0,0,0,0,0,0,0
3.tif,0,0,0,0,0,0,0,1,0,0,0,0,0,0,0,0,0
4.tif,0,0,0,0,0,0,0,1,0,0,0,0,0,0,0,0,0
5.tif,0,0,0,0,0,0,0,0,0,0,0,0,0,0,0,1,0
6.tif,0,0,0,0,0,0,0,1,0,0,0,0,0,0,0,0,0
7.tif,0,0,0,0,0,0,0,1,0,0,0,0,0,0,0,0,0
8.tif,0,0,0,0,0,0,0,1,0,0,0,0,0,0,0,0,0
9.tif,0,0,0,0,0,0,0,1,0,0,0,0,0,0,0,0,0
10.tif,0,0,0,0,0,0,0,1,0,0,0,0,0,0,0,0,0
11.tif,0,0,0,0,0,0,0,1,0,0,0,0,0,0,0,0,0
12.tif,0,0,0,0,0,0,0,1,0,0,0,0,0,0,0,0,0
13.tif,0,0,0,0,0,0,0,1,0,0,0,0,0,0,0,0,0
14.tif,0,0,0,0,0,0,0,1,0,0,0,0,0,0,0,0,0
15.tif,0,0,0,0,0,0,0,1,0,0,0,0,0,0,0,0,0
16.tif,0,0,0,0,0,0,0,1,0,0,0,0,0,0,0,0,0
17.tif,0,0,0,0,0,0,0,1,0,0,0,0,0,0,0,0,0
18.tif,0,0,0,0,0,0,0,1,0,0,0,0,0,0,0,0,0
19.tif,0,0,0,0,0,0,0,1,0,0,0,0,0,0,0,0,0
20.tif,0,0,0,0,0,0,0,1,0,0,0,0,0,0,0,0,0
21.tif,0,0,0,0,0,0,0,1,0,0,0,0,0,0,0,0,0
22.tif,0,0,0,0,0,0,0,0,0,0,0,0,0,0,0,1,0
23.tif,0,0,0,0,0,0,0,0,0,0,0,0,0,0,0,1,0
24.tif,0,0,0,0,0,0,0,0,0,0,0,0,0,0,0,1,0
25.tif,0,0,0,0,0,0,0,1,0,0,0,0,0,0,0,0,0
26.tif,0,0,0,0,0,0,0,1,0,0,0,0,0,0,0,0,0
27.tif,0,0,0,0,0,0,0,1,0,0,0,0,0,0,0,0,0
28.tif,0,0,0,0,0,0,0,1,0,0,0,0,0,0,0,0,0
29.tif,0,0,0,0,0,0,0,1,0,0,0,0,0,0,0,0,0
30.tif,0,0,0,0,0,0,0,1,0,0,0,0,0,0,0,0,0
31.tif,0,0,0,0,0,0,0,1,0,0,0,0,0,0,0,0,0
32.tif,0,0,0,0,0,0,0,1,0,0,0,0,0,0,0,0,0
33.tif,0,0,0,0,0,0,0,1,0,0,0,0,0,0,0,0,0
34.tif,0,0,0,0,0,0,0,1,0,0,0,0,0,0,0,0,0
35.tif,0,0,0,0,0,0,0,1,0,0,0,0,0,0,0,0,0
36.tif,0,0,0,0,0,0,0,1,0,0,0,0,0,0,0,0,0
37.tif,0,0,0,0,0,0,0,1,0,0,0,0,0,0,0,0,0
38.tif,0,0,0,0,0,0,0,1,0,0,0,0,0,0,0,0,0
39.tif,0,0,0,0,0,0,0,1,0,0,0,0,0,0,0,0,0
40.tif,0,0,0,0,0,0,0,1,0,0,0,0,0,0,0,0,0
41.tif,0,0,0,0,0,0,0,1,0,0,0,0,0,0,0,0,0
42.tif,0,0,0,0,0,0,0,1,0,0,0,0,0,0,0,0,0
43.tif,0,0,0,0,0,0,0,1,0,0,0,0,0,0,0,0,0
44.tif,0,0,0,0,0,0,0,1,0,0,0,0,0,0,0,0,0
45.tif,0,0,0,0,0,0,0,1,0,0,0,0,0,0,0,0,0
46.tif,0,0,0,0,0,0,0,1,0,0,0,0,0,0,0,0,0
47.tif,0,0,0,0,0,0,0,1,0,0,0,0,0,0,0,0,0
48.tif,0,0,0,0,0,0,0,1,0,0,0,0,0,0,0,0,0
49.tif,0,0,0,0,0,0,0,1,0,0,0,0,0,0,0,0,0
50.tif,0,0,0,0,0,0,0,1,0,0,0,0,0,0,0,0,0
51.tif,0,0,0,0,0,0,0,1,0,0,0,0,0,0,0,0,0
52.tif,0,0,0,0,0,0,0,1,0,0,0,0,0,0,0,0,0
53.tif,0,0,0,0,0,0,0,1,0,0,0,0,0,0,0,0,0
54.tif,0,0,0,0,0,0,0,1,0,0,0,0,0,0,0,0,0
55.tif,0,0,0,0,0,0,0,1,0,0,0,0,0,0,0,0,0
56.tif,0,0,0,0,0,0,0,1,0,0,0,0,0,0,0,0,0
57.tif,0,0,0,0,0,0,0,1,0,0,0,0,0,0,0,0,0
58.tif,0,0,0,0,0,0,0,1,0,0,0,0,0,0,0,0,0
59.tif,0,0,0,0,0,0,0,1,0,0,0,0,0,0,0,0,0
60.tif,0,0,0,0,0,0,0,1,0,0,0,0,0,0,0,0,0
61.tif,0,0,0,0,0,0,0,1,0,0,0,0,0,0,0,0,0
62.tif,0,0,0,0,0,0,0,1,0,0,0,0,0,0,0,1,0
63.tif,0,0,0,0,0,0,0,1,0,0,0,0,0,0,0,0,0
64.tif,0,0,0,0,0,0,0,1,0,0,0,0,0,0,0,0,0
65.tif,0,0,0,0,0,0,0,1,0,0,0,0,0,0,0,0,0
66.tif,0,0,0,0,0,0,0,1,0,0,0,0,0,0,0,0,0
67.tif,0,0,0,0,0,0,0,1,0,0,0,0,0,0,0,0,0
68.tif,0,0,0,0,0,0,0,1,0,0,0,0,0,0,0,0,0
69.tif,0,0,0,0,0,0,0,1,0,0,0,0,0,0,0,0,0
70.tif,0,0,0,0,0,0,0,1,0,0,0,0,0,0,0,0,0
71.tif,0,0,0,0,0,0,0,1,0,0,0,0,0,0,0,0,0
72.tif,0,0,0,0,0,0,0,1,0,0,0,0,0,0,0,0,0
73.tif,0,0,0,0,0,0,0,1,0,0,0,0,0,0,0,0,0
74.tif,0,0,0,0,0,0,0,1,0,0,0,0,0,0,0,0,0
75.tif,0,0,0,0,0,0,0,1,0,0,0,0,0,0,0,0,0
76.tif,0,0,0,0,0,0,0,1,0,0,0,0,0,0,0,0,0
77.tif,0,0,0,0,0,0,0,1,0,0,0,0,0,0,0,0,0
78.tif,0,0,0,0,0,0,0,1,0,0,0,0,0,0,0,0,0
79.tif,0,0,0,0,0,0,0,1,0,0,0,0,0,0,0,0,0
80.tif,0,0,0,0,0,0,0,1,0,0,0,0,0,0,0,0,0
81.tif,0,0,0,0,0,0,0,1,0,0,0,0,0,0,0,0,0
82.tif,0,0,0,0,0,0,0,1,0,0,0,0,0,0,0,0,0
83.tif,0,0,0,0,0,0,0,1,0,0,0,0,0,0,0,0,0
84.tif,0,0,0,0,0,0,0,1,0,0,0,0,0,0,0,0,0
85.tif,0,0,0,0,0,0,0,1,0,0,0,0,0,0,0,0,0
86.tif,0,0,0,0,0,0,0,1,0,0,0,0,0,0,0,0,0
87.tif,0,0,0,0,0,0,0,1,0,0,0,0,0,0,0,0,0
88.tif,0,0,0,0,0,0,0,1,0,0,0,0,0,0,0,0,0
89.tif,0,0,0,0,0,0,0,1,0,0,0,0,0,0,0,0,0
90.tif,0,0,0,0,0,0,0,1,0,0,0,0,0,0,0,0,0
91.tif,0,0,0,0,0,0,0,1,0,0,0,0,0,0,0,0,0
92.tif,0,0,0,0,0,0,0,1,0,0,0,0,0,0,0,0,0
93.tif,0,0,0,0,0,0,0,1,0,0,0,0,0,0,0,0,0
94.tif,0,0,0,0,0,0,0,1,0,0,0,0,0,0,0,0,0
95.tif,0,0,0,0,0,0,0,1,0,0,0,0,0,0,0,0,0
96.tif,0,0,0,0,0,0,0,1,0,0,0,0,0,0,0,0,0
97.tif,0,0,0,0,0,0,0,1,0,0,0,0,0,0,0,0,0
98.tif,0,0,0,0,0,0,0,1,0,0,0,0,0,0,0,0,0
99.tif,0,0,0,0,0,0,0,1,0,0,0,0,0,0,0,0,0
100.tif,0,0,0,0,0,0,0,1,0,0,0,0,0,0,0,0,0
101.tif,1,0,0,1,0,0,0,0,1,0,1,0,0,0,0,0,0
102.tif,1,0,0,0,0,0,0,0,1,0,1,0,0,0,0,0,0
103.tif,1,0,0,0,0,0,0,0,1,0,1,0,0,0,0,0,0
104.tif,1,0,0,1,0,0,0,0,0,0,1,0,0,0,0,0,0
105.tif,1,0,0,1,0,0,0,0,0,0,1,0,0,0,0,0,0
106.tif,1,0,0,1,0,0,0,0,0,0,1,0,0,0,0,0,0
107.tif,1,0,1,1,0,0,0,0,0,0,1,0,0,0,0,0,0
108.tif,1,0,1,1,0,0,0,0,0,0,1,0,0,0,0,0,0
109.tif,1,0,1,1,0,0,0,0,0,0,1,0,0,0,0,0,0
110.tif,1,0,0,1,0,0,0,0,0,0,1,0,0,0,0,0,0
111.tif,1,0,1,1,0,0,0,0,0,0,1,0,0,0,0,0,0
112.tif,1,0,0,1,0,0,0,0,0,0,1,0,0,0,0,0,0
113.tif,1,0,0,1,0,0,0,0,0,0,1,0,0,0,0,0,0
114.tif,1,0,0,1,0,0,0,0,0,0,1,0,0,0,0,0,0
115.tif,1,0,0,0,0,0,0,0,0,0,1,0,0,0,0,0,0
116.tif,1,0,0,0,0,0,0,0,0,0,1,0,0,0,0,0,0
117.tif,1,0,0,1,0,0,0,0,0,0,1,0,0,0,0,0,0
118.tif,1,0,0,1,0,0,0,0,0,0,1,0,0,0,0,0,0
119.tif,1,0,0,0,0,0,0,0,0,0,1,0,0,0,0,0,0
120.tif,1,0,0,0,0,0,0,0,1,0,1,0,0,0,0,0,0
121.tif,1,0,1,1,0,0,0,0,1,0,1,0,0,0,0,0,0
122.tif,1,0,1,1,0,0,0,0,0,0,1,0,0,0,0,0,0
123.tif,1,0,0,0,0,0,0,0,1,0,1,0,0,0,0,0,0
124.tif,1,0,1,1,0,0,0,0,0,0,1,0,0,0,0,0,0
125.tif,1,0,1,1,0,0,0,0,1,0,1,0,0,0,0,0,0
126.tif,1,0,0,1,0,0,0,0,1,0,1,0,0,0,0,0,0
127.tif,1,0,1,1,0,0,0,0,0,0,1,0,0,0,0,0,0
128.tif,1,0,1,1,0,0,0,0,0,0,1,0,0,0,0,0,0
129.tif,1,0,1,1,0,0,0,0,0,0,1,0,0,0,0,0,0
130.tif,1,0,1,1,0,0,0,0,0,0,1,0,0,0,0,0,0
131.tif,1,0,1,0,0,0,0,0,0,0,1,0,0,0,0,0,0
132.tif,1,0,0,0,0,0,0,0,1,0,1,0,0,0,0,0,0
133.tif,1,0,0,1,0,0,0,0,0,0,1,0,0,0,0,0,0
134.tif,1,0,0,1,0,0,0,0,0,0,1,0,0,0,0,0,0
135.tif,1,0,0,1,0,0,0,0,0,0,1,0,0,0,0,0,0
136.tif,1,0,0,1,0,0,0,0,1,0,1,0,0,0,0,0,0
137.tif,1,0,1,0,0,0,0,0,0,0,1,0,0,0,0,0,0
138.tif,1,0,0,0,0,0,0,0,1,0,1,0,0,0,0,0,0
139.tif,1,0,0,1,0,0,0,0,1,0,1,0,0,0,0,0,0
140.tif,1,0,0,0,0,0,0,0,0,0,1,0,0,0,0,0,0
141.tif,1,0,0,1,0,0,0,0,0,0,1,0,0,0,0,0,0
142.tif,1,0,1,1,0,0,0,0,0,0,1,0,0,0,0,0,0
143.tif,1,0,0,0,0,0,0,0,0,0,1,0,0,0,0,0,0
144.tif,1,0,0,0,0,0,0,0,0,0,1,0,0,0,0,0,0
145.tif,1,0,0,1,0,0,0,0,0,0,1,0,0,0,0,0,0
146.tif,1,0,0,0,0,0,0,0,0,0,1,0,0,0,0,0,0
147.tif,1,0,1,0,0,0,0,0,0,0,1,0,0,0,0,0,0
148.tif,1,0,0,0,0,0,0,0,0,0,1,0,0,0,0,0,0
149.tif,1,0,1,1,0,0,0,0,0,0,1,0,0,0,0,0,0
150.tif,1,0,1,1,0,0,0,0,0,0,1,0,0,0,0,0,0
151.tif,1,0,1,1,0,0,0,0,0,0,1,0,0,0,0,0,0
152.tif,1,0,1,1,0,0,0,0,0,0,1,0,0,0,0,0,0
153.tif,1,0,0,1,0,0,0,0,0,0,1,0,0,0,0,0,0
154.tif,1,0,0,1,0,0,0,0,0,0,1,0,0,0,0,0,0
155.tif,1,0,1,1,0,0,0,0,0,0,1,0,0,0,0,0,0
156.tif,1,0,1,1,0,0,0,0,0,0,1,0,0,0,0,0,0
157.tif,1,0,0,1,0,0,0,0,0,0,1,0,0,0,0,0,0
158.tif,1,0,0,0,0,0,0,0,0,0,1,0,0,0,0,1,0
159.tif,1,0,0,1,0,0,0,0,0,0,1,0,0,0,0,0,0
160.tif,1,0,0,1,0,0,0,0,0,0,1,0,0,0,0,0,0
161.tif,1,0,1,1,0,0,0,0,0,0,1,0,0,0,0,0,0
162.tif,1,0,0,1,0,0,0,0,0,0,1,0,0,0,0,0,0
163.tif,1,0,0,1,0,0,0,0,0,0,1,0,0,0,0,0,0
164.tif,1,0,0,1,0,0,0,0,0,0,1,0,0,0,0,0,0
165.tif,1,0,0,1,0,0,0,0,0,0,1,0,0,0,0,0,0
166.tif,1,0,0,1,0,0,0,0,0,0,1,0,0,0,0,0,0
167.tif,1,0,0,1,0,0,0,0,0,0,1,0,0,0,0,0,0
168.tif,1,0,0,1,0,0,0,0,0,0,1,0,0,0,0,0,0
169.tif,1,0,0,1,0,0,0,0,0,0,1,0,0,0,0,0,0
170.tif,1,0,1,1,0,0,0,0,0,0,1,0,0,0,0,0,0
171.tif,1,0,0,1,0,0,0,0,0,0,1,0,0,0,0,0,0
172.tif,1,0,0,1,0,0,0,0,0,0,1,0,0,0,0,0,0
173.tif,1,0,0,0,0,0,0,0,0,0,1,0,0,0,0,0,0
174.tif,1,0,0,0,0,0,0,0,0,0,1,0,0,0,0,0,0
175.tif,1,0,0,0,0,0,0,0,0,0,1,0,0,0,0,0,0
176.tif,1,0,0,0,0,0,0,0,0,0,1,0,0,0,0,0,0
177.tif,1,0,0,0,0,0,0,0,0,0,1,0,0,0,0,0,0
178.tif,1,0,0,0,0,0,0,0,0,0,1,0,0,0,0,0,0
179.tif,1,0,0,0,0,0,0,0,1,0,1,0,0,0,0,0,0
180.tif,1,0,1,0,0,0,0,0,0,0,1,0,0,0,0,0,0
181.tif,1,0,0,0,0,0,0,0,0,0,1,0,0,0,0,0,0
182.tif,1,0,1,0,0,0,0,0,0,0,1,0,0,0,0,0,0
183.tif,1,0,1,1,0,0,0,0,0,0,1,0,0,0,0,0,0
184.tif,1,0,0,0,0,0,0,0,0,0,1,0,0,0,0,0,0
185.tif,1,0,0,0,0,0,0,0,0,0,1,0,0,0,0,0,0
186.tif,1,0,1,0,0,0,0,0,0,0,1,0,0,0,0,0,0
187.tif,1,0,1,0,0,0,0,0,0,0,1,0,0,0,0,0,0
188.tif,1,0,0,1,0,0,0,0,0,0,1,0,0,0,0,0,0
189.tif,1,0,0,0,0,0,0,0,0,0,1,0,0,0,0,0,0
190.tif,1,0,0,1,0,0,0,0,0,0,1,0,0,0,0,0,0
191.tif,1,0,0,0,0,0,0,0,0,0,1,0,0,0,0,0,0
192.tif,1,0,0,1,0,0,0,0,0,0,1,0,0,0,0,0,0
193.tif,1,0,1,0,0,0,0,0,0,0,1,0,0,0,0,0,0
194.tif,1,0,0,1,0,0,0,0,0,0,1,0,0,0,0,0,0
195.tif,1,0,0,0,0,0,0,0,0,0,1,0,0,0,0,0,0
196.tif,1,0,0,1,0,0,0,0,0,0,1,0,0,0,0,0,0
197.tif,1,0,0,1,0,0,0,0,0,0,1,0,0,0,0,0,0
198.tif,1,0,0,1,0,0,0,0,0,0,1,0,0,0,0,0,0
199.tif,1,0,0,1,0,0,0,0,0,0,1,0,0,0,0,0,0
200.tif,1,0,1,1,0,0,0,0,0,0,1,0,0,0,0,0,0
201.tif,0,1,0,0,0,0,0,0,1,0,1,0,0,0,0,0,0
202.tif,0,1,1,0,0,0,0,0,1,0,0,0,0,0,0,0,0
203.tif,0,1,0,0,0,0,0,0,1,0,1,0,0,0,0,1,0
204.tif,0,1,0,0,0,0,0,0,1,0,0,0,0,0,0,0,0
205.tif,0,1,0,0,0,0,0,0,1,0,0,0,0,0,0,1,0
206.tif,0,1,0,0,0,0,0,0,1,0,1,0,0,0,0,1,0
207.tif,0,1,0,0,0,0,0,0,1,0,1,0,0,0,0,1,0
208.tif,0,1,0,0,0,0,0,0,1,0,0,0,0,0,0,0,0
209.tif,0,1,1,0,0,0,0,0,1,0,1,0,0,0,0,0,0
210.tif,0,1,0,0,0,0,0,0,1,0,1,0,0,0,0,0,0
211.tif,0,1,0,0,0,0,0,0,1,0,0,0,0,0,0,1,0
212.tif,0,1,0,0,0,0,0,0,1,0,0,0,0,0,0,0,0
213.tif,0,1,1,0,0,0,0,0,1,0,0,0,0,0,0,0,0
214.tif,0,1,0,0,0,0,0,0,1,0,0,0,0,0,0,0,0
215.tif,0,1,0,0,0,0,0,0,1,0,0,0,0,0,0,0,0
216.tif,0,1,1,0,0,0,0,0,1,0,1,0,0,0,0,0,0
217.tif,0,1,1,0,0,0,0,0,1,0,0,0,0,0,0,1,0
218.tif,0,1,1,0,0,0,0,0,1,0,1,0,0,0,0,0,0
219.tif,0,1,1,0,0,0,0,0,1,0,0,0,0,0,0,0,0
220.tif,0,1,1,0,0,0,0,0,1,0,0,0,0,0,0,1,0
221.tif,0,1,1,1,0,0,0,0,1,0,1,0,0,0,0,1,0
222.tif,0,1,1,0,0,0,0,0,0,0,0,0,0,0,0,0,0
223.tif,0,1,0,0,0,0,0,0,1,0,1,0,0,0,0,0,0
224.tif,0,1,0,0,0,0,0,0,1,0,0,0,0,0,0,0,0
225.tif,0,1,0,0,0,0,0,0,1,0,0,0,0,0,0,0,0
226.tif,0,1,1,0,0,0,0,0,1,0,1,0,0,0,0,0,0
227.tif,0,1,0,0,0,0,0,0,1,0,0,0,0,0,0,1,0
228.tif,0,1,0,0,0,0,0,0,1,0,0,0,0,0,0,1,0
229.tif,0,1,1,0,0,0,0,0,1,0,1,0,0,0,0,1,0
230.tif,0,1,0,1,0,0,0,0,1,0,1,0,0,0,0,1,0
231.tif,0,1,1,0,0,0,0,0,1,0,0,0,0,0,0,1,0
232.tif,0,1,1,0,0,0,0,0,1,0,0,0,0,0,0,0,0
233.tif,0,1,0,0,0,0,0,0,1,0,0,0,0,0,0,0,0
234.tif,0,1,0,0,0,0,0,0,1,0,0,0,0,0,0,0,0
235.tif,0,1,0,0,0,0,0,0,1,0,0,0,0,0,0,0,0
236.tif,0,1,1,1,0,0,0,0,1,0,1,0,0,0,0,0,0
237.tif,0,1,0,0,0,0,0,0,1,0,0,0,0,0,0,1,0
238.tif,0,1,1,0,0,0,0,0,1,0,1,0,0,0,0,1,0
239.tif,0,1,1,0,0,0,0,0,1,0,0,0,0,0,0,1,0
240.tif,0,1,1,0,0,0,0,0,1,0,1,0,0,0,0,1,0
241.tif,0,1,0,1,0,0,0,0,1,0,1,0,0,0,0,1,0
242.tif,0,1,1,0,0,0,0,0,1,0,0,0,0,0,0,0,0
243.tif,0,1,1,0,0,0,0,0,1,0,0,0,0,0,0,0,0
244.tif,0,1,0,0,0,0,0,0,1,0,0,0,0,0,0,1,0
245.tif,0,1,1,0,0,0,0,0,1,0,1,0,0,0,0,1,0
246.tif,0,1,1,0,0,0,0,0,1,0,0,0,0,0,0,0,0
247.tif,0,1,1,0,0,0,0,0,1,0,1,0,0,0,0,1,0
248.tif,0,1,1,1,0,0,0,0,1,0,1,0,0,0,0,1,0
249.tif,0,1,1,0,0,0,0,0,1,0,1,0,0,0,0,0,0
250.tif,0,1,1,0,0,0,0,0,1,0,1,0,0,0,0,0,0
251.tif,0,1,1,0,0,0,0,0,1,0,1,0,0,0,0,0,0
252.tif,0,1,1,0,0,0,0,0,1,0,1,0,0,0,0,0,0
253.tif,0,1,1,0,0,0,0,0,1,0,1,0,0,0,0,0,0
254.tif,0,1,0,0,0,0,0,0,1,0,0,0,0,0,0,1,0
255.tif,0,1,0,0,0,0,0,0,1,0,0,0,0,0,0,1,0
256.tif,0,1,1,0,0,0,0,0,1,0,1,0,0,0,0,1,0
257.tif,0,1,1,0,0,0,0,0,1,0,0,0,0,0,0,0,0
258.tif,0,1,0,0,0,0,0,0,1,0,0,0,0,0,0,1,0
259.tif,0,1,1,0,0,0,0,0,1,0,0,0,0,0,0,1,0
260.tif,0,1,1,1,0,0,0,0,0,0,1,0,0,0,0,0,0
261.tif,0,1,1,0,0,0,0,0,0,0,1,0,0,0,0,0,0
262.tif,0,1,1,0,0,0,0,0,0,0,1,0,0,0,0,1,0
263.tif,0,1,1,0,0,0,0,0,1,0,1,0,0,0,0,1,0
264.tif,0,1,1,0,0,0,0,0,1,0,1,0,0,0,0,0,0
265.tif,0,1,1,0,0,0,0,0,0,0,1,0,0,0,0,1,0
266.tif,0,1,0,1,0,0,0,0,1,0,1,0,0,0,0,0,0
267.tif,0,1,0,0,0,0,0,0,1,0,0,0,0,0,0,0,0
268.tif,0,1,0,0,0,0,0,0,1,0,0,0,0,0,0,0,0
269.tif,0,1,0,0,0,0,0,0,1,0,0,0,0,0,0,0,0
270.tif,0,1,0,0,0,0,0,0,1,0,0,0,0,0,0,0,0
271.tif,0,1,0,0,0,0,0,0,1,0,0,0,0,0,0,0,0
272.tif,0,1,0,0,0,0,0,0,1,0,1,0,0,0,0,0,0
273.tif,0,1,0,1,0,0,0,0,1,0,1,0,0,0,0,1,0
274.tif,0,1,0,0,0,0,0,0,1,0,0,0,0,0,0,0,0
275.tif,0,1,1,1,0,0,0,0,1,0,0,0,0,0,0,0,0
276.tif,0,1,0,0,0,0,0,0,1,0,0,0,0,0,0,1,0
277.tif,0,1,0,0,0,0,0,0,1,0,0,0,0,0,0,0,0
278.tif,0,1,0,0,0,0,0,0,1,0,0,0,0,0,0,1,0
279.tif,0,1,0,0,0,0,0,0,1,0,0,0,0,0,0,1,0
280.tif,0,1,0,0,0,0,0,0,1,0,1,0,0,0,0,1,0
281.tif,0,1,0,1,0,0,0,0,1,0,1,0,0,0,0,1,0
282.tif,0,1,1,0,0,0,0,0,1,0,1,0,0,0,0,1,0
283.tif,0,1,1,0,0,0,0,0,1,0,0,0,0,0,0,0,0
284.tif,0,1,0,0,0,0,0,0,1,0,0,0,0,0,0,0,0
285.tif,0,1,0,0,0,0,0,0,1,0,0,0,0,0,0,0,0
286.tif,0,1,1,0,0,0,0,0,1,0,0,0,0,0,0,0,0
287.tif,0,1,1,0,0,0,0,0,1,0,0,0,0,0,0,0,0
288.tif,0,1,1,0,0,0,0,0,1,0,0,0,0,0,0,0,0
289.tif,0,1,0,0,0,0,0,0,1,0,0,0,0,0,0,1,0
290.tif,0,1,0,1,0,0,0,0,1,0,1,0,0,0,0,0,0
291.tif,0,1,0,0,0,0,0,0,0,0,0,0,0,0,0,0,0
292.tif,0,1,1,0,0,0,0,0,1,0,1,0,0,0,0,1,0
293.tif,0,1,1,0,0,0,0,0,1,0,0,0,0,0,0,1,0
294.tif,0,1,1,0,0,0,0,0,1,0,0,0,0,0,0,1,0
295.tif,0,1,0,0,0,0,0,0,1,0,0,0,0,0,0,1,0
296.tif,0,1,0,1,0,0,0,0,1,0,1,0,0,0,0,1,0
297.tif,0,1,1,0,0,1,0,0,1,0,1,0,0,0,0,1,0
298.tif,0,1,1,0,0,0,0,0,1,0,0,0,0,0,0,1,0
299.tif,0,1,1,0,0,0,0,0,1,0,0,0,0,0,0,1,0
300.tif,0,1,1,1,0,0,0,0,1,0,0,0,0,0,0,1,0
301.tif,0,0,0,0,0,0,0,0,0,0,0,1,1,0,0,0,0
302.tif,0,0,0,0,0,0,0,0,0,0,0,1,1,0,0,0,0
303.tif,0,0,0,0,0,0,0,0,0,0,0,1,1,0,0,0,0
304.tif,0,0,0,0,0,0,0,0,0,0,0,1,1,0,0,0,0
305.tif,0,0,0,0,0,0,0,0,0,0,0,1,1,0,0,0,0
306.tif,0,0,0,0,0,0,0,0,0,0,0,1,1,0,0,0,0
307.tif,0,0,0,0,0,0,0,0,0,0,0,1,1,0,0,0,0
308.tif,0,0,0,0,0,0,0,0,0,0,0,1,1,0,0,0,0
309.tif,0,0,0,0,0,0,0,0,0,0,0,1,1,0,0,0,0
310.tif,0,0,0,0,0,0,0,0,0,0,0,1,1,0,0,0,0
311.tif,0,0,0,0,0,0,0,0,0,0,0,1,1,0,0,0,0
312.tif,0,0,0,0,0,0,0,0,0,0,0,1,1,0,0,0,0
313.tif,0,0,0,0,0,0,0,0,0,0,0,1,1,0,0,0,0
314.tif,0,0,0,0,0,0,0,0,0,0,0,1,1,0,0,0,0
315.tif,0,0,0,0,0,0,0,0,0,0,0,1,1,0,0,0,0
316.tif,0,0,0,0,0,0,0,0,0,0,0,1,1,0,0,0,0
317.tif,0,0,0,0,0,0,0,0,0,0,0,1,1,0,0,0,0
318.tif,0,0,0,0,0,0,0,0,0,0,0,1,1,0,0,0,0
319.tif,0,0,0,0,0,0,0,0,0,0,0,1,1,0,0,0,0
320.tif,0,0,0,0,0,0,0,0,0,0,0,1,1,0,0,0,0
321.tif,0,0,0,0,0,0,0,0,0,0,0,1,1,0,0,1,0
322.tif,0,0,0,0,0,0,0,0,0,0,0,1,1,0,0,0,0
323.tif,0,0,0,0,0,0,0,0,0,0,0,1,1,0,0,0,0
324.tif,0,0,0,0,0,0,0,0,0,0,0,1,1,0,0,0,0
325.tif,0,0,0,0,0,0,0,0,0,0,0,1,1,0,0,0,0
326.tif,0,0,0,0,0,0,0,0,0,0,0,1,1,0,0,0,0
327.tif,0,0,0,0,0,0,0,0,0,0,0,1,1,0,0,0,0
328.tif,0,0,0,0,0,0,0,0,0,0,0,1,1,0,0,0,0
329.tif,0,0,0,0,0,0,0,0,0,0,1,1,1,0,0,0,0
330.tif,0,0,0,0,0,0,0,0,0,0,0,1,1,0,0,0,0
331.tif,0,0,0,0,0,0,0,0,0,0,0,1,1,0,0,0,0
332.tif,0,0,0,0,0,0,0,0,0,0,0,1,1,0,0,0,0
333.tif,0,0,0,0,0,0,0,0,0,0,0,1,1,0,0,0,0
334.tif,0,0,0,0,0,0,0,0,0,0,0,1,1,0,0,0,0
335.tif,0,0,0,0,0,0,0,0,0,0,0,1,1,0,0,0,0
336.tif,0,0,0,0,0,0,0,0,0,0,0,1,1,0,0,0,0
337.tif,0,0,0,0,0,0,0,0,0,0,0,1,1,0,0,0,0
338.tif,0,0,0,0,0,0,0,0,0,0,0,1,1,0,0,0,0
339.tif,0,0,0,0,0,0,0,0,0,0,0,1,1,0,0,0,0
340.tif,0,0,0,1,0,0,0,0,0,0,0,1,1,0,0,0,0
341.tif,0,0,0,1,0,0,0,0,0,0,0,1,1,0,0,0,0
342.tif,0,0,0,1,0,0,0,0,0,0,1,1,1,0,0,1,0
343.tif,0,0,0,0,0,0,0,0,1,0,1,1,1,0,0,1,0
344.tif,0,0,0,0,0,0,0,0,0,0,0,1,1,0,0,0,0
345.tif,0,0,0,0,0,0,0,0,0,0,0,1,1,0,0,0,0
346.tif,0,0,0,0,0,0,0,0,0,0,0,1,1,0,0,0,0
347.tif,0,0,0,0,0,0,0,0,0,0,0,1,1,0,0,0,0
348.tif,0,0,0,0,0,0,0,0,0,0,0,1,1,0,0,0,0
349.tif,0,0,0,0,0,0,0,0,0,0,0,1,1,0,0,0,0
350.tif,0,0,0,0,0,0,0,0,0,0,0,1,1,0,0,0,0
351.tif,0,0,0,0,0,0,0,0,0,0,0,1,1,0,0,0,0
352.tif,0,0,0,0,0,0,0,0,0,0,0,1,1,0,0,0,0
353.tif,0,0,0,0,0,0,0,0,0,0,0,1,1,0,0,0,0
354.tif,0,0,0,0,0,0,0,0,0,0,0,1,1,0,0,0,0
355.tif,0,0,0,0,0,0,0,0,0,0,0,1,1,0,0,0,0
356.tif,0,0,0,0,0,0,0,0,0,0,0,1,1,0,0,0,0
357.tif,0,0,0,0,0,0,0,0,0,0,0,1,1,0,0,0,0
358.tif,0,0,0,0,0,0,0,0,0,0,0,1,1,0,0,0,0
359.tif,0,0,0,0,0,0,0,0,0,0,0,1,1,0,0,1,0
360.tif,0,0,0,0,0,0,0,0,0,0,0,1,1,0,0,0,0
361.tif,0,0,0,0,0,0,0,0,0,0,0,1,1,0,0,0,0
362.tif,0,0,0,0,0,0,0,0,0,0,0,1,1,0,0,0,0
363.tif,0,0,0,0,0,0,0,0,0,0,0,1,1,0,0,0,0
364.tif,0,0,0,0,0,0,0,0,0,0,0,1,1,0,0,0,0
365.tif,0,0,0,0,0,0,0,0,0,0,0,1,1,0,0,0,0
366.tif,0,0,0,0,0,0,0,0,0,0,0,1,1,0,0,0,0
367.tif,0,0,0,0,0,0,0,0,0,0,0,1,1,0,0,0,0
368.tif,0,0,0,0,0,0,0,0,0,0,0,1,1,0,0,0,0
369.tif,0,0,0,0,0,0,0,0,0,0,0,1,1,0,0,0,0
370.tif,0,0,0,0,0,0,0,0,0,0,0,1,1,0,0,0,0
371.tif,0,0,0,0,0,0,0,0,0,0,0,1,1,0,0,0,0
372.tif,0,0,0,0,0,0,0,0,0,0,0,1,1,0,0,0,0
373.tif,0,0,0,0,0,0,0,0,0,0,0,1,1,0,0,0,0
374.tif,0,0,0,0,0,0,0,0,0,0,0,1,1,0,0,0,0
375.tif,0,0,0,0,0,0,0,0,0,0,0,1,1,0,0,0,0
376.tif,0,0,0,0,0,0,0,0,0,0,0,1,1,0,0,0,0
377.tif,0,0,0,0,0,0,0,0,0,0,0,1,1,0,0,0,0
378.tif,0,0,0,0,0,0,0,0,0,0,0,1,1,0,0,0,0
379.tif,0,0,0,0,0,0,0,0,0,0,0,1,1,0,0,0,0
380.tif,0,0,0,0,0,0,0,0,0,0,0,1,1,0,0,0,0
381.tif,0,0,0,0,0,0,0,0,0,0,0,1,1,0,0,0,0
382.tif,0,0,0,0,0,0,0,0,0,0,0,1,1,0,0,0,0
383.tif,0,0,0,0,0,0,0,0,0,0,0,1,1,0,0,0,0
384.tif,0,0,0,0,0,0,0,0,0,0,0,1,1,0,0,0,0
385.tif,0,0,0,0,0,0,0,0,0,0,0,1,1,0,0,0,0
386.tif,0,0,0,0,0,0,0,0,0,0,0,1,1,0,0,0,0
387.tif,0,0,0,0,0,0,0,0,0,0,0,1,1,0,0,0,0
388.tif,0,0,0,0,0,0,0,0,0,0,0,1,1,0,0,0,0
389.tif,0,0,0,0,0,0,0,0,0,0,0,1,1,0,0,0,0
390.tif,0,0,0,0,0,0,0,0,0,0,0,1,1,0,0,0,0
391.tif,0,0,0,0,0,0,0,0,0,0,0,1,1,0,0,0,0
392.tif,0,0,0,0,0,0,0,0,0,0,0,1,1,0,0,0,0
393.tif,0,0,0,0,0,0,0,0,0,0,0,1,1,0,0,0,0
394.tif,0,0,0,0,0,0,0,0,0,0,0,1,1,0,0,0,0
395.tif,0,0,0,0,0,0,0,0,0,0,0,1,1,0,0,0,0
396.tif,0,0,0,0,0,0,0,0,0,0,0,1,1,0,0,0,0
397.tif,0,0,0,0,0,0,0,0,0,0,0,1,1,0,0,0,0
398.tif,0,0,0,0,0,0,0,0,0,0,0,1,1,0,0,0,0
399.tif,0,0,0,0,0,0,0,0,0,0,0,1,1,0,0,0,0
400.tif,0,0,0,0,0,0,0,0,0,0,0,1,1,0,0,0,0
401.tif,0,0,1,1,0,0,0,0,0,0,1,0,0,0,0,0,0
402.tif,0,0,1,0,0,0,0,0,0,0,1,0,0,0,0,0,0
403.tif,0,0,1,1,0,0,0,0,0,0,1,0,0,0,0,0,0
404.tif,0,0,1,1,0,0,0,0,0,0,1,0,0,0,0,1,0
405.tif,0,0,1,0,0,0,0,0,0,0,1,0,0,0,0,0,0
406.tif,0,0,1,1,0,0,0,0,0,0,1,0,0,0,0,0,0
407.tif,0,0,1,1,0,0,0,0,0,0,1,0,0,0,0,1,0
408.tif,0,0,1,0,0,0,0,0,0,0,1,0,0,0,0,0,0
409.tif,0,0,1,1,0,0,0,0,0,0,1,0,0,0,0,1,0
410.tif,0,0,1,1,0,0,0,0,0,0,1,0,0,0,0,0,0
411.tif,0,0,1,1,0,0,0,0,0,0,1,0,0,0,0,0,0
412.tif,0,0,1,1,0,0,0,0,0,0,1,0,0,0,0,1,0
413.tif,0,0,1,0,0,0,0,0,0,0,1,0,0,0,0,1,0
414.tif,0,0,1,1,0,0,0,0,0,0,1,0,0,0,0,1,0
415.tif,0,0,1,1,0,0,0,0,0,0,1,0,0,0,0,1,0
416.tif,0,0,1,0,0,0,0,0,0,0,0,0,0,0,0,1,0
417.tif,0,0,1,0,0,0,0,0,0,0,0,0,0,0,0,1,0
418.tif,0,0,1,0,0,0,0,0,0,0,1,0,0,0,0,1,0
419.tif,0,0,1,0,0,0,0,0,0,0,1,0,0,0,0,0,0
420.tif,0,0,1,0,0,0,0,0,0,0,0,0,0,0,0,1,0
421.tif,0,0,1,0,0,0,0,0,0,0,0,0,0,0,0,1,0
422.tif,0,0,1,0,0,0,0,0,0,0,0,0,0,0,0,1,0
423.tif,0,0,1,0,0,0,0,0,0,0,0,0,0,0,0,1,0
424.tif,0,0,1,0,0,0,0,0,0,0,0,0,0,0,0,0,0
425.tif,0,0,1,0,0,0,0,0,0,0,1,0,0,0,0,0,0
426.tif,0,0,1,0,0,0,0,0,0,0,1,0,0,0,0,0,0
427.tif,0,0,1,1,0,0,0,0,0,0,1,0,0,0,0,1,0
428.tif,0,0,1,1,0,0,0,0,0,0,1,0,0,0,0,0,0
429.tif,0,0,1,1,0,0,0,0,0,0,1,0,0,0,0,0,0
430.tif,0,0,1,0,0,0,0,0,0,0,1,0,0,0,0,1,0
431.tif,0,0,1,1,0,0,0,0,1,0,1,0,0,0,0,1,0
432.tif,0,0,1,1,0,0,0,0,0,0,1,0,0,0,0,1,0
433.tif,0,0,1,1,0,0,0,0,0,0,1,0,0,0,0,1,0
434.tif,0,0,1,0,0,0,0,0,0,0,1,0,0,0,0,1,0
435.tif,0,0,1,0,0,0,0,0,0,0,1,0,0,0,0,1,0
436.tif,0,0,1,1,0,0,0,0,0,0,1,0,0,0,0,0,0
437.tif,0,0,1,1,0,0,0,0,0,0,1,0,0,0,0,1,0
438.tif,0,0,1,1,0,0,0,0,0,0,1,0,0,0,0,1,0
439.tif,0,0,1,0,0,0,0,0,0,0,1,0,0,0,0,0,0
440.tif,0,0,1,0,0,0,0,0,1,0,1,0,0,0,0,1,0
441.tif,0,0,1,0,0,0,0,0,0,0,0,0,0,0,0,1,0
442.tif,0,1,1,0,0,0,0,0,0,0,0,0,0,0,0,0,0
443.tif,0,1,1,0,0,0,0,0,0,0,0,0,0,0,0,1,0
444.tif,0,0,1,1,0,0,0,0,0,0,1,0,0,0,0,1,0
445.tif,0,0,1,0,0,0,0,0,0,0,1,0,0,0,0,0,0
446.tif,0,0,1,0,0,0,0,0,0,0,1,0,0,0,0,1,0
447.tif,0,0,1,0,0,0,0,0,0,0,0,0,0,0,0,1,0
448.tif,0,0,1,0,0,0,0,0,0,0,0,0,0,0,0,1,0
449.tif,0,0,1,0,0,0,0,0,0,0,0,0,0,0,0,1,0
450.tif,0,0,1,0,0,0,0,0,0,0,1,0,0,0,0,1,0
451.tif,0,0,1,0,0,0,0,0,0,0,1,0,0,0,0,1,0
452.tif,0,0,1,0,0,0,0,0,1,0,0,0,0,0,0,0,0
453.tif,0,0,1,0,0,0,0,0,1,0,0,0,0,0,0,0,0
454.tif,0,0,1,1,0,0,0,0,1,0,1,0,0,0,0,0,0
455.tif,0,0,1,0,0,0,0,0,0,0,0,0,0,0,0,0,0
456.tif,0,0,1,0,0,0,0,0,0,0,1,0,0,0,0,1,0
457.tif,0,0,1,0,0,0,0,0,1,0,0,0,0,0,0,0,0
458.tif,0,0,1,0,0,0,0,0,1,0,1,0,0,0,0,1,0
459.tif,0,0,1,1,0,0,0,0,1,0,1,0,0,0,0,1,0
460.tif,0,0,1,0,0,0,0,0,0,0,1,0,0,0,0,1,0
461.tif,0,0,1,0,0,0,0,0,1,0,1,0,0,0,0,1,0
462.tif,0,0,1,1,0,0,0,0,1,0,0,0,0,0,0,0,0
463.tif,0,0,1,0,0,0,0,0,0,0,1,0,0,0,0,0,0
464.tif,0,0,1,1,0,0,0,0,1,0,1,0,0,0,0,0,0
465.tif,0,0,1,0,0,0,0,0,1,0,0,0,0,0,0,0,0
466.tif,0,0,1,0,0,0,0,0,0,0,0,0,0,0,0,0,0
467.tif,0,0,1,1,0,0,0,0,0,0,1,0,0,0,0,1,0
468.tif,0,0,1,0,0,0,0,0,1,0,1,0,0,0,0,1,0
469.tif,0,0,1,1,0,0,0,0,0,0,1,0,0,0,0,0,0
470.tif,0,0,1,1,0,0,0,0,0,0,1,0,0,0,0,0,0
471.tif,0,0,1,1,0,0,0,0,0,0,1,0,0,0,0,1,0
472.tif,0,0,1,0,0,0,0,0,1,0,0,0,0,0,0,1,0
473.tif,0,0,1,0,0,0,0,0,1,0,0,0,0,0,0,1,0
474.tif,0,0,1,1,0,0,0,0,1,0,1,0,0,0,0,1,0
475.tif,0,0,1,0,0,0,0,0,1,0,1,0,0,0,0,1,0
476.tif,0,0,1,1,0,0,0,0,0,0,1,0,0,0,0,1,0
477.tif,0,0,1,1,0,0,0,0,1,0,1,0,0,0,0,1,0
478.tif,0,0,1,0,0,0,0,0,1,0,0,0,0,0,0,0,0
479.tif,0,0,1,1,0,0,0,0,0,0,1,0,0,0,0,0,0
480.tif,0,0,1,1,0,0,0,0,1,0,1,0,0,0,0,1,0
481.tif,0,0,1,1,0,0,0,0,1,0,1,0,0,0,0,0,0
482.tif,0,0,1,1,0,0,0,0,0,0,1,0,0,0,0,0,0
483.tif,0,0,1,0,0,0,0,0,0,0,1,0,0,0,0,0,0
484.tif,0,0,1,0,0,0,0,0,0,0,1,0,0,0,0,0,0
485.tif,0,0,1,1,0,0,0,0,1,0,1,0,0,0,0,1,0
486.tif,0,0,1,0,0,0,0,0,1,0,0,0,0,0,0,0,0
487.tif,0,1,1,0,0,0,0,0,0,0,0,0,0,0,0,0,0
488.tif,0,1,1,0,0,0,0,0,0,0,0,0,0,0,0,0,0
489.tif,0,0,1,1,0,0,0,0,0,0,1,0,0,0,0,0,0
490.tif,0,0,1,1,0,0,0,0,0,0,1,0,0,0,0,1,0
491.tif,0,0,1,1,0,0,0,0,0,0,1,0,0,0,0,1,0
492.tif,0,0,1,1,0,0,0,0,0,0,1,0,0,0,0,1,0
493.tif,0,0,1,0,0,0,0,0,0,0,0,0,0,0,0,1,0
494.tif,0,0,1,0,0,0,0,0,1,0,1,0,0,0,0,0,0
495.tif,0,0,1,1,0,0,0,0,1,0,1,0,0,0,0,0,0
496.tif,0,1,1,0,0,0,0,0,0,0,1,0,0,0,0,0,0
497.tif,0,0,1,0,0,0,0,0,0,0,1,0,0,0,0,0,0
498.tif,0,0,1,0,0,0,0,0,0,0,1,0,0,0,0,1,0
499.tif,0,0,1,0,0,0,0,0,0,0,0,0,0,0,0,0,0
500.tif,0,0,1,0,0,0,0,0,0,0,0,0,0,0,0,0,0
501.tif,0,1,0,0,1,0,0,0,0,0,0,0,0,0,0,0,0
502.tif,0,1,0,0,1,0,0,0,0,0,0,0,0,0,0,0,0
503.tif,0,1,0,0,1,0,0,0,0,0,0,0,0,0,0,0,0
504.tif,0,1,0,0,1,0,0,0,0,0,0,0,0,0,0,0,0
505.tif,0,1,0,0,1,0,0,0,0,0,0,0,0,0,0,0,0
506.tif,0,1,0,0,1,0,0,0,0,0,0,0,0,0,0,0,0
507.tif,0,1,0,0,1,0,0,0,0,0,0,0,0,0,0,0,0
508.tif,0,1,0,0,1,0,0,0,0,0,0,0,0,0,0,0,0
509.tif,0,1,0,0,1,0,0,0,0,0,0,0,0,0,0,0,0
510.tif,0,1,0,0,1,0,0,0,0,0,0,0,0,0,0,0,0
511.tif,0,1,0,0,1,0,0,0,0,0,0,0,0,0,0,0,0
512.tif,0,1,0,0,1,0,0,0,0,0,0,0,0,0,0,0,0
513.tif,0,1,0,0,1,0,0,0,0,0,0,0,0,0,0,0,0
514.tif,0,1,0,0,1,0,0,0,0,0,0,0,0,0,0,0,0
515.tif,0,1,0,0,1,0,0,0,0,0,0,0,0,0,0,0,0
516.tif,0,1,0,0,1,0,0,0,0,0,0,0,0,0,0,0,0
517.tif,0,1,0,0,1,0,0,0,0,0,0,0,0,0,0,0,0
518.tif,0,1,0,0,1,0,0,0,0,0,0,0,0,0,0,0,0
519.tif,0,1,0,0,1,0,0,0,0,0,0,0,0,0,0,0,0
520.tif,0,1,0,0,1,0,0,0,0,0,0,0,0,0,0,0,0
521.tif,0,1,0,0,1,0,0,0,0,0,0,0,0,0,0,0,0
522.tif,0,1,0,0,1,0,0,0,0,0,0,0,0,0,0,0,0
523.tif,0,1,0,0,1,0,0,0,0,0,0,0,0,0,0,0,0
524.tif,0,1,0,0,1,0,0,0,0,0,0,0,0,0,0,0,0
525.tif,0,1,0,0,1,0,0,0,0,0,0,0,0,0,0,0,0
526.tif,0,1,0,0,1,0,0,0,0,0,0,0,0,0,0,0,0
527.tif,0,1,0,0,1,0,0,0,0,0,0,0,0,0,0,0,0
528.tif,0,1,0,0,1,0,0,0,0,0,0,0,0,0,0,0,0
529.tif,0,1,0,0,1,0,0,0,0,0,0,0,0,0,0,0,0
530.tif,0,1,0,0,1,0,0,0,0,0,0,0,0,0,0,0,0
531.tif,0,1,0,0,1,0,0,0,0,0,0,0,0,0,0,0,0
532.tif,0,1,0,0,1,0,0,0,0,0,0,0,0,0,0,0,0
533.tif,0,1,0,0,1,0,0,0,0,0,0,0,0,0,0,0,0
534.tif,0,1,0,0,1,0,0,0,0,0,0,0,0,0,0,0,0
535.tif,0,1,0,0,1,0,0,0,0,0,0,0,0,0,0,0,0
536.tif,0,1,0,0,1,0,0,0,0,0,0,0,0,0,0,0,0
537.tif,0,1,0,0,1,0,0,0,0,0,0,0,0,0,0,0,0
538.tif,0,1,0,0,1,0,0,0,0,0,0,0,0,0,0,0,0
539.tif,0,1,0,0,1,0,0,0,0,0,0,0,0,0,0,0,0
540.tif,0,1,0,0,1,0,0,0,0,0,0,0,0,0,0,0,0
541.tif,0,1,0,0,1,0,0,0,0,0,0,0,0,0,0,0,0
542.tif,0,1,0,0,1,0,0,0,0,0,0,0,0,0,0,0,0
543.tif,0,1,0,0,1,0,0,0,0,0,0,0,0,0,0,0,0
544.tif,0,1,0,0,1,0,0,0,0,0,0,0,0,0,0,0,0
545.tif,0,1,0,0,1,0,0,0,0,0,0,0,0,0,0,0,0
546.tif,0,1,0,0,1,0,0,0,0,0,0,0,0,0,0,0,0
547.tif,0,1,0,0,1,0,0,0,0,0,0,0,0,0,0,0,0
548.tif,0,1,0,0,1,0,0,0,0,0,0,0,0,0,0,0,0
549.tif,0,1,0,0,1,0,0,0,0,0,0,0,0,0,0,0,0
550.tif,0,1,0,0,1,0,0,0,0,0,0,0,0,0,0,0,0
551.tif,0,1,0,0,1,0,0,0,0,0,0,0,0,0,0,0,0
552.tif,0,1,0,0,1,0,0,0,0,0,0,0,0,0,0,0,0
553.tif,0,1,0,0,1,0,0,0,0,0,0,0,0,0,0,0,0
554.tif,0,1,0,0,1,0,0,0,0,0,0,0,0,0,0,0,0
555.tif,0,1,0,0,1,0,0,0,0,0,0,0,0,0,0,0,0
556.tif,0,1,0,0,1,0,0,0,0,0,0,0,0,0,0,0,0
557.tif,0,1,0,0,1,0,0,0,0,0,0,0,0,0,0,0,0
558.tif,0,1,0,0,1,0,0,0,0,0,0,0,0,0,0,0,0
559.tif,0,1,0,0,1,0,0,0,0,0,0,0,0,0,0,0,0
560.tif,0,1,0,0,1,0,0,0,0,0,0,0,0,0,0,0,0
561.tif,0,1,0,0,0,0,0,0,0,0,0,0,0,0,0,0,0
562.tif,0,1,0,0,0,0,0,0,0,0,0,0,0,0,0,0,0
563.tif,0,1,0,0,0,0,0,0,0,0,0,0,0,0,0,0,0
564.tif,0,1,0,0,0,0,0,0,0,0,0,0,0,0,0,0,0
565.tif,0,1,0,0,0,0,0,0,0,0,0,0,0,0,0,0,0
566.tif,0,1,0,0,0,0,0,0,0,0,0,0,0,0,0,0,0
567.tif,0,1,0,0,0,0,0,0,0,0,0,0,0,0,0,0,0
568.tif,0,1,0,0,1,0,0,0,0,0,0,0,0,0,0,0,0
569.tif,0,1,0,0,1,0,0,0,0,0,0,0,0,0,0,0,0
570.tif,0,1,0,0,1,0,0,0,0,0,0,0,0,0,0,0,0
571.tif,0,1,0,0,1,0,0,0,0,0,0,0,0,0,0,0,0
572.tif,0,1,0,0,1,0,0,0,0,0,0,0,0,0,0,0,0
573.tif,0,1,0,0,1,0,0,0,0,0,0,0,0,0,0,0,0
574.tif,0,1,0,0,1,0,0,0,0,0,0,0,0,0,0,0,0
575.tif,0,1,0,0,1,0,0,0,0,0,0,0,0,0,0,0,0
576.tif,0,1,0,0,1,0,0,0,0,0,0,0,0,0,0,0,0
577.tif,0,1,0,0,1,0,0,0,0,0,0,0,0,0,0,0,0
578.tif,0,1,0,0,1,0,0,0,0,0,0,0,0,0,0,0,0
579.tif,0,1,0,0,1,0,0,0,0,0,0,0,0,0,0,0,0
580.tif,0,1,0,0,1,0,0,0,0,0,0,0,0,0,0,0,0
581.tif,0,1,0,0,1,0,0,0,0,0,0,0,0,0,0,0,0
582.tif,0,1,0,0,1,0,0,0,0,0,0,0,0,0,0,0,0
583.tif,0,1,0,0,1,0,0,0,0,0,0,0,0,0,0,0,0
584.tif,0,1,0,0,1,0,0,0,0,0,0,0,0,0,0,0,0
585.tif,0,1,0,0,1,0,0,0,0,0,0,0,0,0,0,0,0
586.tif,0,1,0,0,1,0,0,0,0,0,0,0,0,0,0,0,0
587.tif,0,1,0,0,1,0,0,0,0,0,0,0,0,0,0,0,0
588.tif,0,1,0,0,1,0,0,0,0,0,0,0,0,0,0,0,0
589.tif,0,1,0,0,1,0,0,0,0,0,0,0,0,0,0,0,0
590.tif,0,1,0,0,1,0,0,0,0,0,0,0,0,0,0,0,0
591.tif,0,1,0,0,1,0,0,0,0,0,0,0,0,0,0,0,0
592.tif,0,1,0,0,1,0,0,0,0,0,0,0,0,0,0,0,0
593.tif,0,1,0,0,1,0,0,0,0,0,0,0,0,0,0,0,0
594.tif,0,1,0,0,1,0,0,0,0,0,0,0,0,0,0,0,0
595.tif,0,1,0,0,1,0,0,0,0,0,0,0,0,0,0,0,0
596.tif,0,1,0,0,1,0,0,0,0,0,0,0,0,0,0,0,0
597.tif,0,1,0,0,1,0,0,0,0,0,0,0,0,0,0,0,0
598.tif,0,1,0,0,1,0,0,0,0,0,0,0,0,0,0,0,0
599.tif,0,1,0,0,1,0,0,0,0,0,0,0,0,0,0,0,0
600.tif,0,1,0,0,1,0,0,0,0,0,0,0,0,0,0,0,0
601.tif,0,1,1,0,0,0,0,0,0,0,1,0,0,0,0,1,0
602.tif,0,0,1,1,0,0,0,0,1,0,1,0,0,0,0,0,0
603.tif,0,0,1,1,0,0,0,0,1,0,1,0,0,0,0,1,0
604.tif,0,0,1,1,0,0,0,0,1,0,1,0,0,0,0,1,0
605.tif,0,0,1,1,0,0,0,0,0,0,1,0,0,0,0,1,0
606.tif,0,0,1,1,0,0,0,0,0,0,1,0,0,0,0,0,0
607.tif,0,0,1,0,0,0,0,0,0,0,1,0,0,0,0,0,0
608.tif,0,0,1,0,0,0,0,0,0,0,1,0,0,0,0,0,0
609.tif,0,1,1,0,0,0,0,0,0,0,1,0,0,0,0,1,0
610.tif,0,1,1,1,0,0,0,0,1,0,1,0,0,0,0,1,0
611.tif,0,1,1,1,0,0,0,0,1,0,1,0,0,0,0,1,0
612.tif,0,0,1,0,0,0,0,0,0,0,1,0,0,0,0,1,0
613.tif,0,0,1,1,0,0,0,0,0,0,1,0,0,0,0,1,0
614.tif,0,0,1,1,0,0,0,0,0,0,1,0,0,0,0,1,0
615.tif,0,1,1,1,0,0,0,0,0,0,1,0,0,0,0,1,0
616.tif,0,1,1,1,0,0,0,0,0,0,1,0,0,0,0,0,0
617.tif,0,0,1,0,0,0,0,0,0,0,0,0,0,0,0,1,0
618.tif,0,0,1,0,0,0,0,0,0,0,1,0,0,0,0,1,0
619.tif,0,1,1,1,0,0,0,0,0,0,1,0,0,0,0,1,0
620.tif,0,0,1,0,0,0,0,0,0,0,0,0,0,0,0,1,0
621.tif,0,0,1,0,0,0,0,0,1,0,1,0,0,0,0,1,0
622.tif,0,0,1,0,0,0,0,0,1,0,0,0,0,0,0,1,0
623.tif,0,0,1,0,0,0,0,0,1,0,0,0,0,0,0,1,0
624.tif,0,0,1,0,0,0,0,0,1,0,1,0,0,0,0,1,0
625.tif,0,0,1,0,0,0,0,0,1,0,1,0,0,0,0,1,0
626.tif,0,0,1,0,0,0,0,0,1,0,0,0,0,0,0,1,0
627.tif,0,1,1,1,0,0,0,0,0,0,1,0,0,0,0,0,0
628.tif,0,1,1,1,0,0,0,0,0,0,1,0,0,0,0,1,0
629.tif,0,1,1,1,0,0,0,0,0,0,1,0,0,0,0,1,0
630.tif,0,1,1,1,0,0,0,0,0,0,1,0,0,0,0,1,0
631.tif,0,0,1,1,0,0,0,0,1,0,1,0,0,0,0,1,0
632.tif,0,1,1,0,0,0,0,0,1,0,1,0,0,0,0,1,0
633.tif,0,0,1,1,0,0,0,0,1,0,1,0,0,0,0,1,0
634.tif,0,1,1,1,0,0,0,0,0,0,1,0,0,0,0,1,0
635.tif,0,1,1,1,0,0,0,0,0,0,1,0,0,0,0,1,0
636.tif,0,1,1,1,0,0,0,0,0,0,1,0,0,0,0,1,0
637.tif,0,1,1,1,0,0,0,0,0,0,1,0,0,0,0,1,0
638.tif,0,1,1,0,0,0,0,0,0,0,1,0,0,0,0,1,0
639.tif,0,1,1,0,0,0,0,0,0,0,0,0,0,0,0,1,0
640.tif,0,1,1,1,0,0,0,0,0,0,1,0,0,0,0,0,0
641.tif,0,0,1,1,0,0,0,0,0,0,1,0,0,0,0,0,0
642.tif,0,0,1,1,0,0,0,0,1,0,1,0,0,0,0,1,0
643.tif,0,0,1,1,0,0,0,0,0,0,1,0,0,0,0,1,0
644.tif,0,0,1,1,0,0,0,0,1,0,1,0,0,0,0,1,0
645.tif,0,0,1,0,0,0,0,0,1,0,1,0,0,0,0,1,0
646.tif,0,0,1,0,0,0,0,0,0,0,1,0,0,0,0,1,0
647.tif,0,0,1,1,0,0,0,0,0,0,1,0,0,0,0,1,0
648.tif,0,0,1,1,0,0,0,0,0,0,1,0,0,0,0,0,0
649.tif,0,0,1,1,0,0,0,0,0,0,1,0,0,0,0,1,0
650.tif,0,0,1,1,0,0,0,0,0,0,1,0,0,0,0,1,0
651.tif,0,0,1,0,0,0,0,0,1,0,1,0,0,0,0,0,0
652.tif,0,0,1,1,0,0,0,0,1,0,1,0,0,0,0,1,0
653.tif,0,0,1,0,0,0,0,0,1,0,1,0,0,0,0,0,0
654.tif,0,0,1,1,0,0,0,0,1,0,1,0,0,0,0,1,0
655.tif,0,0,1,1,0,0,0,0,0,0,1,0,0,0,0,1,0
656.tif,0,0,1,1,0,0,0,0,1,0,1,0,0,0,0,1,0
657.tif,0,0,1,1,0,0,0,0,1,0,1,0,0,0,0,1,0
658.tif,0,0,1,1,0,0,0,0,1,0,1,0,0,0,0,1,0
659.tif,0,0,1,1,0,0,0,0,1,0,1,0,0,0,0,0,0
660.tif,0,0,1,1,0,0,0,0,1,0,1,0,0,0,0,1,0
661.tif,0,0,1,0,0,0,0,0,0,0,1,0,0,0,0,1,0
662.tif,0,0,1,1,0,0,0,0,1,0,1,0,0,0,0,1,0
663.tif,0,0,1,0,0,0,0,0,1,0,1,0,0,0,0,1,0
664.tif,0,0,1,0,0,0,0,0,1,0,1,0,0,0,0,0,0
665.tif,0,0,1,0,0,0,0,0,1,0,1,0,0,0,0,0,0
666.tif,0,0,1,1,0,0,0,0,0,0,1,0,0,0,0,1,0
667.tif,0,0,1,1,0,0,0,0,1,0,0,0,0,0,0,1,0
668.tif,0,0,1,0,0,0,0,0,0,0,0,0,0,0,0,1,0
669.tif,0,0,1,1,0,0,0,0,1,0,1,0,0,0,0,1,0
670.tif,0,0,1,0,0,0,0,0,1,0,0,0,0,0,0,1,0
671.tif,0,0,1,0,0,0,0,0,1,0,1,0,0,0,0,1,0
672.tif,0,0,1,1,0,0,0,0,1,0,1,0,0,0,0,1,0
673.tif,0,0,1,1,0,0,0,0,1,0,1,0,0,0,0,0,0
674.tif,0,0,1,0,0,0,0,0,0,0,1,0,0,0,0,1,0
675.tif,0,0,1,1,0,0,0,0,1,0,1,0,0,0,0,0,0
676.tif,0,0,1,0,0,0,0,0,1,0,1,0,0,0,0,0,0
677.tif,0,0,1,1,0,0,0,0,1,0,1,0,0,0,0,0,0
678.tif,0,0,1,0,0,0,0,0,1,0,1,0,0,0,0,0,0
679.tif,0,0,1,1,0,0,0,0,1,0,1,0,0,0,0,0,0
680.tif,0,1,1,1,0,0,0,0,1,0,1,0,0,0,0,0,0
681.tif,0,0,1,0,0,0,0,0,1,0,1,0,0,0,0,1,0
682.tif,0,0,1,1,0,0,0,0,1,0,1,0,0,0,0,1,0
683.tif,0,0,1,1,0,0,0,0,1,0,1,0,0,0,0,1,0
684.tif,0,0,1,1,0,0,0,0,1,0,1,0,0,0,0,1,0
685.tif,0,1,1,1,0,0,0,0,1,0,0,0,0,0,0,0,0
686.tif,0,0,1,1,0,0,0,0,0,0,1,0,0,0,0,1,0
687.tif,0,0,1,1,0,0,0,0,1,0,1,0,0,0,0,1,0
688.tif,0,1,1,1,0,0,0,0,1,0,1,0,0,0,0,1,0
689.tif,0,1,1,1,0,0,0,0,0,0,1,0,0,0,0,1,0
690.tif,0,1,1,1,0,0,0,0,0,0,1,0,0,0,0,1,0
691.tif,0,0,1,1,0,0,0,0,0,0,1,0,0,0,0,1,0
692.tif,0,1,1,1,0,0,0,0,0,0,1,0,0,0,0,0,0
693.tif,0,1,1,1,0,0,0,0,0,0,1,0,0,0,0,1,0
694.tif,0,1,1,1,0,0,0,0,0,0,1,0,0,0,0,1,0
695.tif,0,1,1,1,0,0,0,0,0,0,1,0,0,0,0,1,0
696.tif,0,1,1,1,0,0,0,0,0,0,1,0,0,0,0,1,0
697.tif,0,1,1,1,0,0,0,0,0,0,1,0,0,0,0,1,0
698.tif,0,1,1,1,0,0,0,0,1,0,0,0,0,0,0,1,0
699.tif,0,0,1,1,0,0,0,0,1,0,1,0,0,0,0,1,0
700.tif,0,0,1,0,0,0,0,0,1,0,1,0,0,0,0,1,0
701.tif,0,0,0,0,0,0,0,0,0,0,0,0,0,0,0,1,0
702.tif,0,0,0,0,0,0,0,0,0,0,0,0,0,0,0,1,0
703.tif,0,0,0,0,0,0,0,0,0,0,0,0,0,0,0,1,0
704.tif,0,0,0,0,0,0,0,0,0,0,0,0,0,0,0,1,0
705.tif,0,0,0,0,0,0,0,0,0,0,0,0,0,0,0,1,0
706.tif,0,0,0,0,0,0,0,0,0,0,0,0,0,0,0,1,0
707.tif,0,0,0,0,0,0,0,0,0,0,0,0,0,0,0,1,0
708.tif,0,0,0,0,0,0,0,0,0,0,0,0,0,0,0,1,0
709.tif,0,0,1,0,0,0,0,0,1,0,0,0,0,0,0,1,0
710.tif,0,0,0,0,0,0,0,0,0,0,0,0,0,0,0,1,0
711.tif,0,0,0,0,0,0,0,0,0,0,0,0,0,0,0,1,0
712.tif,0,0,0,0,0,0,0,0,0,0,0,0,0,0,0,1,0
713.tif,0,0,0,0,0,0,0,0,0,0,0,0,0,0,0,1,0
714.tif,0,0,0,0,0,0,0,0,0,0,0,0,0,0,0,1,0
715.tif,0,0,0,0,0,0,0,0,0,0,0,0,0,0,0,1,0
716.tif,0,0,0,0,0,0,0,0,0,0,0,0,0,0,0,1,0
717.tif,0,0,0,0,0,0,0,0,0,0,0,0,0,0,0,1,0
718.tif,0,0,0,0,0,0,0,0,0,0,0,0,0,0,0,1,0
719.tif,0,0,0,0,0,0,0,0,0,0,0,0,0,0,0,1,0
720.tif,0,0,0,0,0,0,0,0,0,0,0,0,0,0,0,1,0
721.tif,0,0,0,0,0,0,0,0,0,0,0,0,0,0,0,1,0
722.tif,0,0,0,0,0,0,0,0,0,0,0,0,0,0,0,1,0
723.tif,0,0,0,0,0,0,0,0,0,0,0,0,0,0,0,1,0
724.tif,0,0,0,0,0,0,0,0,0,0,0,0,0,0,0,1,0
725.tif,0,0,0,0,0,0,0,0,0,0,0,0,0,0,0,1,0
726.tif,0,0,0,0,0,0,0,0,0,0,0,0,0,0,0,1,0
727.tif,0,0,0,0,0,0,0,0,0,0,0,0,0,0,0,1,0
728.tif,0,0,0,0,0,0,0,0,0,0,0,0,0,0,0,1,0
729.tif,0,0,0,0,0,0,0,0,0,0,0,0,0,0,0,1,0
730.tif,0,0,0,0,0,0,0,0,0,0,0,0,0,0,0,1,0
731.tif,0,0,0,0,0,0,0,0,0,0,0,0,0,0,0,1,0
732.tif,0,0,0,0,0,0,0,0,0,0,0,0,0,0,0,1,0
733.tif,0,0,0,0,0,0,0,0,0,0,0,0,0,0,0,1,0
734.tif,0,0,0,0,0,0,0,0,0,0,0,0,0,0,0,1,0
735.tif,0,0,0,0,0,0,0,0,0,0,0,0,0,0,0,1,0
736.tif,0,0,0,0,0,0,0,0,0,0,0,0,0,0,0,1,0
737.tif,0,0,0,0,0,0,0,0,0,0,0,0,0,0,0,1,0
738.tif,0,0,0,0,0,0,0,0,0,0,0,0,0,0,0,1,0
739.tif,0,0,0,0,0,0,0,0,0,0,0,0,0,0,0,1,0
740.tif,0,0,0,0,0,0,0,0,0,0,0,0,0,0,0,1,0
741.tif,0,0,0,0,0,0,0,0,0,0,0,0,0,0,0,1,0
742.tif,0,0,0,0,0,0,0,0,0,0,0,0,0,0,0,1,0
743.tif,0,0,0,0,0,0,0,0,0,0,0,0,0,0,0,1,0
744.tif,0,0,0,0,0,0,0,0,0,0,0,0,0,0,0,1,0
745.tif,0,0,0,0,0,0,0,0,0,0,0,0,0,0,0,1,0
746.tif,0,0,0,0,0,0,0,0,0,0,0,0,0,0,0,1,0
747.tif,0,0,0,0,0,0,0,0,0,0,0,0,0,0,0,1,0
748.tif,0,0,0,0,0,0,0,0,0,0,0,0,0,0,0,1,0
749.tif,0,0,0,0,0,0,0,0,0,0,0,0,0,0,0,1,0
750.tif,0,0,0,0,0,0,0,0,0,0,0,0,0,0,0,1,0
751.tif,0,0,0,0,0,0,0,0,0,0,0,0,0,0,0,1,0
752.tif,0,0,0,0,0,0,0,0,0,0,0,0,0,0,0,1,0
753.tif,0,0,0,0,0,0,0,0,0,0,0,0,0,0,0,1,0
754.tif,0,0,0,0,0,0,0,0,0,0,0,0,0,0,0,1,0
755.tif,0,0,0,0,0,0,0,0,0,0,0,0,0,0,0,1,0
756.tif,0,0,0,0,0,0,0,0,0,0,0,0,0,0,0,1,0
757.tif,0,0,0,0,0,0,0,0,0,0,0,0,0,0,0,1,0
758.tif,0,0,0,0,0,0,0,0,0,0,0,0,0,0,0,1,0
759.tif,0,0,0,0,0,0,0,0,0,0,0,0,0,0,0,1,0
760.tif,0,0,0,0,0,0,0,0,0,0,0,0,0,0,0,1,0
761.tif,0,0,0,0,0,0,0,0,0,0,0,0,0,0,0,1,0
762.tif,0,0,0,0,0,0,0,0,0,0,0,0,0,0,0,1,0
763.tif,0,0,0,0,0,0,0,0,0,0,0,0,0,0,0,1,0
764.tif,0,0,0,0,0,0,0,0,0,0,0,0,0,0,0,1,0
765.tif,0,0,0,0,0,0,0,0,0,0,0,0,0,0,0,1,0
766.tif,0,0,0,0,0,0,0,0,0,0,0,0,0,0,0,1,0
767.tif,0,0,0,0,0,0,0,0,0,0,0,0,0,0,0,1,0
768.tif,0,0,0,0,0,0,0,0,0,0,0,0,0,0,0,1,0
769.tif,0,0,0,0,0,0,0,0,0,0,0,0,0,0,0,1,0
770.tif,0,0,0,0,0,0,0,0,0,0,0,0,0,0,0,1,0
771.tif,0,0,0,0,0,0,0,0,0,0,0,0,0,0,0,1,0
772.tif,0,0,0,0,0,0,0,0,0,0,0,0,0,0,0,1,0
773.tif,0,0,0,0,0,0,0,0,0,0,0,0,0,0,0,1,0
774.tif,0,0,0,0,0,0,0,0,0,0,0,0,0,0,0,1,0
775.tif,0,0,0,0,0,0,0,0,0,0,0,0,0,0,0,1,0
776.tif,0,0,0,0,0,0,0,0,0,0,0,0,0,0,0,1,0
777.tif,0,0,0,0,0,0,0,0,0,0,0,0,0,0,0,1,0
778.tif,0,0,0,0,0,0,0,0,0,0,0,0,0,0,0,1,0
779.tif,0,0,0,0,0,0,0,0,0,0,0,0,0,0,0,1,0
780.tif,0,0,0,0,0,0,0,0,0,0,0,0,0,0,0,1,0
781.tif,0,0,0,0,0,0,0,0,0,0,0,0,0,0,0,1,0
782.tif,0,0,0,0,0,0,0,0,0,0,0,0,0,0,0,1,0
783.tif,0,0,0,0,0,0,0,0,0,0,0,0,0,0,0,1,0
784.tif,0,0,0,0,0,0,0,0,0,0,0,0,0,0,0,1,0
785.tif,0,0,0,0,0,0,0,0,0,0,0,0,0,0,0,1,0
786.tif,0,0,0,0,0,0,0,0,0,0,0,0,0,0,0,1,0
787.tif,0,0,0,0,0,0,0,0,0,0,0,0,0,0,0,1,0
788.tif,0,0,0,0,0,0,0,0,0,0,0,0,0,0,0,1,0
789.tif,0,0,0,0,0,0,0,0,0,0,0,0,0,0,0,1,0
790.tif,0,0,0,0,0,0,0,0,0,0,0,0,0,0,0,1,0
791.tif,0,0,0,0,0,0,0,0,0,0,0,0,0,0,0,1,0
792.tif,0,0,0,0,0,0,0,0,0,0,0,0,0,0,0,1,0
793.tif,0,0,0,0,0,0,0,0,0,0,0,0,0,0,0,1,0
794.tif,0,0,0,0,0,0,0,0,0,0,0,0,0,0,0,1,0
795.tif,0,0,0,0,0,0,0,0,0,0,0,0,0,0,0,1,0
796.tif,0,0,0,0,0,0,0,0,0,0,0,0,0,0,0,1,0
797.tif,0,0,0,0,0,0,0,0,0,0,0,0,0,0,0,1,0
798.tif,0,0,0,0,0,0,0,0,0,0,0,0,0,0,0,1,0
799.tif,0,0,0,0,0,0,0,0,0,0,0,0,0,0,0,1,0
800.tif,0,0,0,0,0,0,0,0,0,0,0,0,0,0,0,1,0
801.tif,0,0,0,1,0,0,0,0,1,0,1,0,0,0,0,1,0
802.tif,0,1,0,1,0,0,0,0,0,0,1,0,0,0,0,1,0
803.tif,0,1,0,1,0,0,0,0,0,0,1,0,0,0,0,1,0
804.tif,0,1,0,1,0,0,0,0,0,0,1,0,0,0,0,1,0
805.tif,0,0,0,1,0,0,0,0,1,0,1,0,0,0,0,0,0
806.tif,0,1,0,1,0,0,0,0,0,0,1,0,0,0,0,1,0
807.tif,0,1,0,1,0,0,0,0,1,0,1,0,0,0,0,1,0
808.tif,0,1,0,1,0,0,0,0,1,0,1,0,0,0,0,1,0
809.tif,0,1,0,1,0,0,0,0,1,0,1,0,0,0,0,1,0
810.tif,0,0,0,1,0,0,0,0,0,0,1,0,0,0,0,1,0
811.tif,0,0,0,1,0,0,0,0,1,0,1,0,0,0,0,1,0
812.tif,0,1,0,1,0,0,0,0,0,0,1,0,0,0,0,0,0
813.tif,0,0,0,1,0,0,0,0,0,0,1,0,0,0,0,1,0
814.tif,0,0,0,1,0,0,0,0,1,0,1,0,0,0,0,0,0
815.tif,0,0,0,1,0,0,0,0,1,0,1,0,0,0,0,1,0
816.tif,0,0,0,1,0,0,0,0,1,0,1,0,0,0,0,1,0
817.tif,0,0,0,1,0,0,0,0,1,0,1,0,0,0,0,1,0
818.tif,0,0,0,1,0,0,0,0,1,0,1,0,0,0,0,1,0
819.tif,0,0,0,1,0,0,0,0,1,0,1,0,0,0,0,1,0
820.tif,0,0,0,1,0,0,0,0,1,0,1,0,0,0,0,0,0
821.tif,0,0,0,1,0,0,0,0,1,0,1,0,0,0,0,0,0
822.tif,0,0,0,1,0,0,0,0,1,0,1,0,0,0,0,0,0
823.tif,0,1,0,1,0,0,0,0,1,0,1,0,0,0,0,0,0
824.tif,0,0,0,1,0,0,0,0,1,0,1,0,0,0,0,0,0
825.tif,0,0,0,1,0,0,0,0,0,0,1,0,0,0,0,1,0
826.tif,0,0,0,1,0,0,0,0,1,0,1,0,0,0,0,1,0
827.tif,0,0,0,1,0,0,0,0,1,0,1,0,0,0,0,0,0
828.tif,0,0,0,1,0,0,0,0,1,0,1,0,0,0,0,0,0
829.tif,0,1,0,1,0,0,0,0,1,0,1,0,0,0,0,0,0
830.tif,0,0,0,1,0,0,0,0,1,0,1,0,0,0,0,0,0
831.tif,0,0,0,1,0,0,0,0,1,0,1,0,0,0,0,0,0
832.tif,0,0,0,1,0,0,0,0,1,0,1,0,0,0,0,0,0
833.tif,0,0,0,1,0,0,0,0,1,0,1,0,0,0,0,0,0
834.tif,0,0,0,1,0,0,0,0,1,0,1,0,0,0,0,1,0
835.tif,0,0,0,1,0,0,0,0,1,0,1,0,0,0,0,1,0
836.tif,0,0,0,1,0,0,0,0,1,0,1,0,0,0,0,0,0
837.tif,0,0,0,1,0,0,0,0,1,0,1,0,0,0,0,0,0
838.tif,0,0,0,1,0,0,0,0,1,0,1,0,0,0,0,0,0
839.tif,0,0,0,1,0,0,0,0,1,0,1,0,0,0,0,0,0
840.tif,0,0,0,1,0,0,0,0,1,0,1,0,0,0,0,0,0
841.tif,0,0,0,1,0,0,0,0,1,0,1,0,0,0,0,0,0
842.tif,0,0,0,1,0,0,0,0,1,0,1,0,0,0,0,0,0
843.tif,0,1,0,1,0,0,0,0,0,0,1,0,0,0,0,0,0
844.tif,0,1,0,1,0,0,0,0,0,0,1,0,0,0,0,0,0
845.tif,0,1,0,1,0,0,0,0,0,0,1,0,0,0,0,0,0
846.tif,0,1,0,1,0,0,0,0,0,0,1,0,0,0,0,0,0
847.tif,0,1,0,1,0,0,0,0,0,0,1,0,0,0,0,0,0
848.tif,0,1,0,1,0,0,0,0,0,0,1,0,0,0,0,0,0
849.tif,0,1,0,1,0,0,0,0,0,0,1,0,0,0,0,0,0
850.tif,0,1,0,1,0,0,0,0,0,0,1,0,0,0,0,0,0
851.tif,0,1,0,1,0,0,0,0,0,0,1,0,0,0,0,0,0
852.tif,0,1,0,1,0,0,0,0,0,0,1,0,0,0,0,0,0
853.tif,0,1,0,1,0,0,0,0,0,0,1,0,0,0,0,0,0
854.tif,0,1,0,1,0,0,0,0,0,0,1,0,0,0,0,0,0
855.tif,0,1,0,1,0,0,0,0,0,0,1,0,0,0,0,1,0
856.tif,0,1,0,1,0,0,0,0,0,0,1,0,0,0,0,0,0
857.tif,0,1,0,0,0,0,0,0,0,0,1,0,0,0,0,1,0
858.tif,0,1,0,1,0,0,0,0,0,0,1,0,0,0,0,0,0
859.tif,0,1,0,1,1,0,0,0,0,0,1,0,0,0,0,0,0
860.tif,0,1,0,1,0,0,0,0,0,0,1,0,0,0,0,0,0
861.tif,0,1,0,1,1,0,0,0,0,0,1,0,0,0,0,1,0
862.tif,0,1,0,0,1,0,0,0,0,0,1,0,0,0,0,0,0
863.tif,0,1,0,0,1,0,0,0,0,0,1,0,0,0,0,1,0
864.tif,0,1,0,1,1,0,0,0,0,0,1,0,0,0,0,1,0
865.tif,0,0,0,1,0,0,0,0,1,0,1,0,0,0,0,1,0
866.tif,0,0,0,1,0,0,0,0,1,0,1,0,0,0,0,1,0
867.tif,0,0,0,1,0,0,0,0,1,0,1,0,0,0,0,1,0
868.tif,0,0,0,1,0,0,0,0,0,0,1,0,0,0,0,1,0
869.tif,0,1,0,1,0,0,0,0,0,0,1,0,0,0,0,1,0
870.tif,0,0,0,1,0,0,0,0,0,0,1,0,0,0,0,1,0
871.tif,0,1,0,1,0,0,0,0,0,0,1,0,0,0,0,1,0
872.tif,0,0,0,1,0,0,0,0,1,0,1,0,0,0,0,1,0
873.tif,0,0,0,1,0,0,0,0,1,0,1,0,0,0,0,1,0
874.tif,0,0,0,1,0,0,0,0,1,0,1,0,0,0,0,1,0
875.tif,0,0,0,1,0,0,0,0,1,0,1,0,0,0,0,0,0
876.tif,0,1,0,1,0,0,0,0,1,0,1,0,0,0,0,0,0
877.tif,0,0,0,1,0,0,0,0,0,0,1,0,0,0,0,1,0
878.tif,0,0,0,1,0,0,0,0,1,0,1,0,0,0,0,0,0
879.tif,0,0,0,1,0,0,0,0,1,0,1,0,0,0,0,0,0
880.tif,0,0,1,1,0,0,0,0,1,0,1,0,0,0,0,1,0
881.tif,0,1,1,1,0,0,0,0,1,0,1,0,0,0,0,0,0
882.tif,0,1,0,1,0,0,0,0,1,0,1,0,0,0,0,1,0
883.tif,0,0,0,1,0,0,0,0,1,0,1,0,0,0,0,0,0
884.tif,0,1,0,1,0,0,0,0,0,0,1,0,0,0,0,1,0
885.tif,0,1,0,1,0,0,0,0,0,0,1,0,0,0,0,0,0
886.tif,0,1,0,1,0,0,0,0,1,0,1,0,0,0,0,0,0
887.tif,0,1,0,1,0,0,0,0,0,0,1,0,0,0,0,0,0
888.tif,0,1,0,1,0,0,0,0,0,0,1,0,0,0,0,0,0
889.tif,0,1,0,1,0,0,0,0,0,0,1,0,0,0,0,0,0
890.tif,0,1,0,1,0,0,0,0,1,0,1,0,0,0,0,0,0
891.tif,0,1,0,1,0,0,0,0,1,0,1,0,0,0,0,0,0
892.tif,0,0,0,1,0,0,0,0,1,0,1,0,0,0,0,1,0
893.tif,0,0,0,1,0,0,0,0,1,0,1,0,0,0,0,1,0
894.tif,0,1,0,0,1,0,0,0,0,0,1,0,0,0,0,1,0
895.tif,0,1,0,1,1,0,0,0,0,0,1,0,0,0,0,1,0
896.tif,0,1,0,0,1,0,0,0,0,0,1,0,0,0,0,1,0
897.tif,0,1,0,1,0,0,0,0,1,0,1,0,0,0,0,1,0
898.tif,0,1,0,1,0,0,0,0,1,0,1,0,0,0,0,1,0
899.tif,0,1,0,1,0,0,0,0,0,0,1,0,0,0,0,1,0
900.tif,0,1,0,1,0,0,0,0,1,0,1,0,0,0,0,1,0
901.tif,0,0,0,0,0,0,0,0,1,0,0,0,0,0,0,1,0
902.tif,0,0,0,0,0,0,0,0,1,0,0,0,0,0,0,1,0
903.tif,0,0,0,0,0,0,0,0,1,0,1,1,0,0,0,1,0
904.tif,0,0,0,0,0,0,0,0,1,0,0,1,0,0,0,1,0
905.tif,0,0,0,0,0,0,0,0,1,0,0,1,0,0,0,1,0
906.tif,0,0,0,0,0,0,0,0,1,0,0,1,0,0,0,1,0
907.tif,0,1,0,0,0,0,0,0,1,0,0,1,0,0,0,1,0
908.tif,0,1,0,0,0,0,0,0,1,0,0,0,0,0,0,1,0
909.tif,0,1,0,0,0,0,0,0,1,0,0,0,0,0,0,1,0
910.tif,0,1,0,0,0,0,0,0,1,0,0,1,0,0,0,1,0
911.tif,0,1,0,0,0,0,0,0,1,0,0,1,0,0,0,1,0
912.tif,0,0,0,0,0,0,0,0,1,0,0,0,0,0,0,1,0
913.tif,0,1,0,0,0,0,0,0,1,0,1,1,0,0,0,1,0
914.tif,0,0,0,0,0,0,0,0,1,0,1,0,0,0,0,1,0
915.tif,0,0,0,0,0,0,0,0,1,0,1,0,0,0,0,1,0
916.tif,0,0,0,0,0,0,0,0,1,0,0,1,0,0,0,1,0
917.tif,0,0,0,0,0,0,0,0,1,0,0,1,0,0,0,1,0
918.tif,0,0,0,0,0,0,0,0,1,0,1,0,0,0,0,1,0
919.tif,0,0,0,0,0,0,0,0,1,0,0,1,0,0,0,1,0
920.tif,0,1,0,0,0,0,0,0,1,0,1,1,0,0,0,1,0
921.tif,0,0,0,0,0,0,0,0,1,0,1,1,0,0,0,1,0
922.tif,0,0,0,0,0,0,0,0,1,0,1,0,0,0,0,1,0
923.tif,0,0,0,0,0,0,0,0,1,0,1,1,0,0,0,1,0
924.tif,0,0,0,0,0,0,0,0,1,0,1,1,0,0,0,1,0
925.tif,0,0,0,0,0,0,0,0,1,0,1,1,0,0,0,1,0
926.tif,0,0,0,0,0,0,0,0,1,0,1,1,0,0,0,1,0
927.tif,0,1,0,0,0,0,0,0,1,0,1,1,0,0,0,0,0
928.tif,0,1,0,0,0,0,0,0,1,0,1,1,0,0,0,0,0
929.tif,0,1,0,0,0,0,0,0,1,0,0,1,0,0,0,0,0
930.tif,0,1,0,0,0,0,0,0,1,0,0,0,0,0,0,0,0
931.tif,0,1,0,0,0,0,0,0,1,0,1,1,0,0,0,0,0
932.tif,0,1,0,0,0,0,0,0,1,0,0,0,0,0,0,0,0
933.tif,0,1,0,0,0,0,0,0,1,0,1,1,0,0,0,0,0
934.tif,0,1,0,0,0,0,0,0,1,0,0,1,0,0,0,0,0
935.tif,0,1,0,0,0,0,0,0,1,0,0,1,0,0,0,0,0
936.tif,0,1,0,0,0,0,0,0,1,0,1,1,0,0,0,0,0
937.tif,0,1,0,0,0,0,0,0,1,0,0,1,0,0,0,0,0
938.tif,0,1,0,0,0,0,0,0,1,0,1,1,0,0,0,0,0
939.tif,0,1,0,0,0,0,0,0,1,0,0,0,0,0,0,0,0
940.tif,0,1,0,0,0,0,0,0,1,0,1,1,0,0,0,0,0
941.tif,0,1,0,0,0,0,0,0,1,0,0,1,0,0,0,0,0
942.tif,0,1,0,0,0,0,0,0,1,0,1,1,0,0,0,0,0
943.tif,0,1,0,0,0,0,0,0,1,0,1,1,0,0,0,1,0
944.tif,0,1,0,0,0,0,0,0,1,0,1,1,0,0,0,1,0
945.tif,0,0,0,0,0,0,0,0,1,0,1,1,0,0,0,0,0
946.tif,0,1,0,0,0,0,0,0,1,0,1,1,0,0,0,1,0
947.tif,0,1,0,0,0,0,0,0,1,0,0,0,0,0,0,1,0
948.tif,0,1,0,0,0,0,0,0,1,0,1,0,0,0,0,1,0
949.tif,0,1,0,0,0,0,0,0,1,0,1,0,0,0,0,1,0
950.tif,0,1,0,0,0,0,0,0,1,0,1,1,0,0,0,1,0
951.tif,0,1,0,0,0,0,0,0,1,0,1,1,0,0,0,0,0
952.tif,0,1,0,0,0,0,0,0,1,0,0,1,0,0,0,1,0
953.tif,0,1,0,0,0,0,0,0,1,0,1,1,0,0,0,1,0
954.tif,0,1,0,0,0,0,0,0,1,0,0,0,0,0,0,1,0
955.tif,0,1,0,0,0,0,0,0,1,0,1,1,0,0,0,1,0
956.tif,0,1,0,0,0,0,0,0,1,0,1,1,0,0,0,1,0
957.tif,0,1,0,0,0,0,0,0,1,0,1,0,0,0,0,1,0
958.tif,0,1,0,0,0,0,0,0,1,0,1,1,0,0,0,0,0
959.tif,0,1,0,0,0,0,0,0,1,0,1,1,0,0,0,0,0
960.tif,0,1,0,0,0,0,0,0,1,0,1,0,0,0,0,0,0
961.tif,0,1,0,0,0,0,0,0,1,0,1,1,0,0,0,1,0
962.tif,0,0,0,0,0,0,0,0,1,0,1,1,0,0,0,0,0
963.tif,0,0,0,0,0,0,0,0,1,0,1,1,0,0,0,0,0
964.tif,0,0,0,0,0,0,0,0,1,0,1,1,0,0,0,0,0
965.tif,0,1,0,0,0,0,0,0,1,0,0,0,0,0,0,0,0
966.tif,0,1,0,0,0,0,0,0,1,0,1,1,0,0,0,0,0
967.tif,0,1,0,0,0,0,0,0,1,0,1,0,0,0,0,0,0
968.tif,0,0,0,0,0,0,0,0,1,0,1,1,0,0,0,0,0
969.tif,0,1,0,0,0,0,0,0,1,0,1,1,0,0,0,0,0
970.tif,0,0,0,0,0,0,0,0,1,0,1,1,0,0,0,0,0
971.tif,0,0,0,0,0,0,0,0,1,0,0,1,0,0,0,1,0
972.tif,0,0,0,0,0,0,0,0,1,0,1,0,0,0,0,1,0
973.tif,0,0,0,0,0,0,0,0,1,0,1,1,0,0,0,1,0
974.tif,0,0,0,0,0,0,0,0,1,0,1,1,0,0,0,1,0
975.tif,0,1,0,0,0,0,0,0,1,0,1,0,0,0,0,1,0
976.tif,0,0,0,0,0,0,0,0,1,0,1,1,0,0,0,1,0
977.tif,0,0,0,0,0,0,0,0,1,0,1,1,0,0,0,1,0
978.tif,0,0,0,0,0,0,0,0,1,0,1,0,0,0,0,1,0
979.tif,0,0,0,0,0,0,0,0,1,0,1,1,0,0,0,1,0
980.tif,0,0,0,0,0,0,0,0,1,0,0,1,0,0,0,1,0
981.tif,0,0,0,0,0,0,0,0,1,0,1,0,0,0,0,1,0
982.tif,0,0,0,0,0,0,0,0,1,0,1,1,0,0,0,1,0
983.tif,0,0,0,0,0,0,0,0,1,0,1,1,0,0,0,1,0
984.tif,0,0,0,0,0,0,0,0,1,0,1,1,0,0,0,1,0
985.tif,0,0,0,0,0,0,0,0,1,0,1,0,0,0,0,1,0
986.tif,0,0,0,0,0,0,0,0,1,0,1,1,0,0,0,1,0
987.tif,0,0,0,0,0,0,0,0,1,0,1,1,0,0,0,1,0
988.tif,0,0,0,0,0,0,0,0,1,0,1,1,0,0,0,1,0
989.tif,0,0,0,0,0,0,0,0,1,0,1,1,0,0,0,1,0
990.tif,0,0,0,0,0,0,0,0,1,0,1,1,0,0,0,0,0
991.tif,0,0,0,0,0,0,0,0,1,0,1,1,0,0,0,1,0
992.tif,0,0,0,0,0,0,0,0,1,0,1,1,0,0,0,1,0
993.tif,0,1,0,0,0,0,0,0,1,0,1,0,0,0,0,1,0
994.tif,0,0,0,0,0,0,0,0,1,0,1,1,0,0,0,1,0
995.tif,0,0,0,0,0,0,0,0,1,0,1,1,0,0,0,1,0
996.tif,0,1,0,0,0,0,0,0,1,0,1,1,0,0,0,1,0
997.tif,0,0,0,0,0,0,0,0,1,0,0,1,0,0,0,1,0
998.tif,0,0,0,0,0,0,0,0,1,0,0,0,0,0,0,1,0
999.tif,0,0,0,0,0,0,0,0,1,0,0,1,0,0,0,1,0
1000.tif,0,0,0,0,0,0,0,0,1,0,0,1,0,0,0,0,0
1001.tif,0,0,0,0,0,0,1,0,0,0,0,0,0,1,0,0,1
1002.tif,0,0,0,0,0,0,1,0,0,0,0,0,0,1,0,0,1
1003.tif,0,0,0,0,0,0,1,0,0,0,0,0,0,1,0,0,1
1004.tif,0,0,0,0,0,0,1,0,0,0,0,0,0,1,0,0,1
1005.tif,0,0,0,0,0,0,1,0,0,0,0,0,0,1,0,0,1
1006.tif,0,0,0,0,0,0,1,0,0,0,0,0,0,1,0,0,1
1007.tif,0,0,0,0,0,0,1,0,0,0,0,0,0,1,0,0,1
1008.tif,0,0,0,0,0,0,1,0,0,0,0,0,0,1,0,0,1
1009.tif,0,0,0,0,0,0,1,0,0,0,0,0,0,1,0,0,1
1010.tif,0,0,0,0,0,0,1,0,0,0,0,0,0,1,0,0,1
1011.tif,0,0,0,0,0,0,1,0,0,0,0,0,0,1,0,0,1
1012.tif,0,0,0,0,0,0,1,0,0,0,0,0,0,1,0,0,1
1013.tif,0,0,0,0,0,0,1,0,0,0,0,0,0,1,0,0,1
1014.tif,0,0,0,0,0,0,1,0,0,0,0,0,0,1,0,0,1
1015.tif,0,0,0,0,0,0,1,0,0,0,0,0,0,1,0,0,1
1016.tif,0,0,0,0,0,0,1,0,0,0,0,0,0,1,0,0,1
1017.tif,0,0,0,0,0,0,1,0,0,0,0,0,0,1,0,0,1
1018.tif,0,0,0,0,0,0,1,0,0,0,0,0,0,1,0,0,1
1019.tif,0,0,0,0,0,0,1,0,0,0,0,0,0,1,0,0,1
1020.tif,0,0,0,0,0,0,1,0,0,0,0,0,0,1,0,0,1
1021.tif,0,0,0,0,0,0,1,0,0,0,0,0,0,1,0,0,1
1022.tif,0,0,0,0,0,0,1,0,0,0,0,0,0,1,0,0,1
1023.tif,0,0,0,0,0,0,1,0,0,0,0,0,0,1,0,0,1
1024.tif,0,0,0,0,0,0,1,0,0,0,0,0,0,1,0,0,1
1025.tif,0,0,0,0,0,0,1,0,0,0,0,0,0,1,0,0,1
1026.tif,0,0,0,0,0,0,1,0,0,0,0,0,0,1,0,0,1
1027.tif,0,0,0,0,0,0,1,0,0,0,0,0,0,1,0,0,1
1028.tif,0,0,0,0,0,0,1,0,0,0,0,0,0,1,0,0,1
1029.tif,0,0,0,0,0,0,1,0,0,0,0,0,0,1,0,0,1
1030.tif,0,0,0,0,0,0,1,0,0,0,0,0,0,1,0,0,1
1031.tif,0,0,0,0,0,0,1,0,0,0,0,0,0,1,0,0,1
1032.tif,0,0,0,0,0,0,1,0,0,0,0,0,0,1,0,0,1
1033.tif,0,0,0,0,0,0,1,0,0,0,0,0,0,1,0,0,1
1034.tif,0,0,0,0,0,0,1,0,0,0,0,0,0,1,0,0,1
1035.tif,0,0,0,0,0,0,1,0,0,0,0,0,0,1,0,0,1
1036.tif,0,0,0,0,0,0,1,0,0,0,0,0,0,1,0,0,1
1037.tif,0,0,0,0,0,0,1,0,0,0,0,0,0,1,0,0,1
1038.tif,0,0,0,0,0,0,1,0,0,0,0,0,0,1,0,0,1
1039.tif,0,0,0,0,0,0,1,0,0,0,0,0,0,1,0,0,1
1040.tif,0,0,0,0,0,0,1,0,0,0,0,0,0,1,0,0,1
1041.tif,0,0,0,0,0,0,1,0,0,0,0,0,0,1,0,0,1
1042.tif,0,0,0,0,0,0,1,0,0,0,0,0,0,1,0,0,1
1043.tif,0,0,0,0,0,0,1,0,0,0,0,0,0,1,0,0,1
1044.tif,0,0,0,0,0,0,1,0,0,0,0,0,0,1,0,0,1
1045.tif,0,0,0,0,0,0,1,0,0,0,0,0,0,1,0,0,1
1046.tif,0,0,0,0,0,0,1,0,0,0,0,0,0,1,0,0,1
1047.tif,0,0,0,0,0,0,1,0,0,0,0,0,0,1,0,0,1
1048.tif,0,0,0,0,0,0,1,0,0,0,0,0,0,1,0,0,1
1049.tif,0,0,0,0,0,0,1,0,0,0,0,0,0,1,0,0,1
1050.tif,0,0,0,0,0,0,1,0,0,0,0,0,0,1,0,0,1
1051.tif,0,0,0,0,0,0,1,0,0,0,0,0,0,1,0,0,1
1052.tif,0,0,0,0,0,0,1,0,0,0,0,0,0,1,0,0,1
1053.tif,0,0,0,0,0,0,1,0,0,0,0,0,0,1,0,0,1
1054.tif,0,0,0,0,0,0,1,0,0,0,0,0,0,1,0,0,1
1055.tif,0,0,0,0,0,0,1,0,0,0,0,0,0,1,0,0,1
1056.tif,0,0,0,0,0,0,1,0,0,0,0,0,0,1,0,0,1
1057.tif,0,0,0,0,0,0,1,0,0,0,0,0,0,1,0,0,1
1058.tif,0,0,0,0,0,0,1,0,0,0,0,0,0,1,0,0,1
1059.tif,0,0,0,0,0,0,1,0,0,0,0,0,0,1,0,0,1
1060.tif,0,0,0,0,0,0,1,0,0,0,0,0,0,1,0,0,1
1061.tif,0,0,0,0,0,0,1,0,0,0,0,0,0,1,0,0,1
1062.tif,0,0,0,0,0,0,1,0,0,0,0,0,0,1,0,0,1
1063.tif,0,0,0,0,0,0,1,0,0,0,0,0,0,1,0,0,1
1064.tif,0,0,0,0,0,0,1,0,0,0,0,0,0,1,0,0,1
1065.tif,0,0,0,0,0,0,1,0,0,0,0,0,0,1,0,0,1
1066.tif,0,0,0,0,0,0,1,0,0,0,0,0,0,1,0,0,1
1067.tif,0,0,0,0,0,0,1,0,0,0,0,0,0,1,0,0,1
1068.tif,0,0,0,0,0,0,1,0,0,0,0,0,0,1,0,0,1
1069.tif,0,0,0,0,0,0,1,0,0,0,0,0,0,1,0,0,1
1070.tif,0,0,0,0,0,0,1,0,0,0,0,0,0,1,0,0,1
1071.tif,0,0,0,0,0,0,1,0,1,0,0,0,0,1,0,0,1
1072.tif,0,0,0,0,0,0,1,0,0,0,0,0,0,1,0,0,1
1073.tif,0,0,0,0,0,0,1,0,0,0,0,0,0,1,0,0,1
1074.tif,0,0,0,0,0,0,1,0,0,0,0,0,0,1,0,0,1
1075.tif,0,0,0,0,0,0,1,0,0,0,0,0,0,1,0,0,1
1076.tif,0,0,0,0,0,0,1,0,0,0,0,0,0,1,0,0,1
1077.tif,0,0,0,0,0,0,1,0,0,0,0,0,0,1,0,0,1
1078.tif,0,0,0,0,0,0,1,0,0,0,0,0,0,1,0,0,1
1079.tif,0,0,0,0,0,0,1,0,0,0,0,0,0,1,0,0,1
1080.tif,0,0,0,0,0,0,1,0,0,0,0,0,0,1,0,0,1
1081.tif,0,0,0,0,0,0,1,0,0,0,0,0,0,1,0,0,1
1082.tif,0,0,0,0,0,0,1,0,0,0,0,0,0,1,0,0,1
1083.tif,0,0,0,0,0,0,1,0,0,0,0,0,0,1,0,0,1
1084.tif,0,0,0,0,0,0,1,0,0,0,0,0,0,1,0,0,1
1085.tif,0,0,0,0,0,0,1,0,0,0,0,0,0,1,0,0,1
1086.tif,0,0,0,0,0,0,1,0,0,0,0,0,0,1,0,0,1
1087.tif,0,0,1,0,0,0,1,0,0,0,0,0,0,1,0,0,1
1088.tif,0,0,0,0,0,0,1,0,0,0,0,0,0,1,0,0,1
1089.tif,0,0,0,0,0,0,1,0,0,0,0,0,0,1,0,0,1
1090.tif,0,0,0,0,0,0,1,0,0,0,0,0,0,1,0,0,1
1091.tif,0,0,0,0,0,0,1,0,0,0,0,0,0,1,0,0,1
1092.tif,0,0,0,0,0,0,1,0,0,0,0,0,0,1,0,0,1
1093.tif,0,0,1,0,0,0,1,0,0,0,0,0,0,1,0,0,1
1094.tif,0,0,1,0,0,0,1,0,0,0,0,0,0,1,0,0,1
1095.tif,0,0,0,0,0,0,1,0,0,0,0,0,0,1,0,0,1
1096.tif,0,0,0,0,0,0,1,0,0,0,0,0,0,1,0,0,1
1097.tif,0,0,0,0,0,0,1,0,0,0,0,0,0,1,0,0,1
1098.tif,0,0,0,0,0,0,1,0,0,0,0,0,0,1,0,0,1
1099.tif,0,0,0,0,0,0,1,0,0,0,0,0,0,1,0,0,1
1100.tif,0,0,0,0,0,0,1,0,0,0,0,0,0,1,0,0,1
1101.tif,0,0,1,1,0,0,0,0,1,0,1,0,0,0,0,1,0
1102.tif,0,0,1,1,0,0,0,0,0,0,1,0,0,0,0,1,0
1103.tif,0,0,1,1,0,0,0,0,0,0,1,0,0,0,0,0,0
1104.tif,0,0,1,1,0,0,0,0,1,0,1,0,0,0,0,1,0
1105.tif,0,0,0,1,0,0,0,0,1,0,1,0,0,0,0,1,0
1106.tif,0,0,1,1,0,0,0,0,1,0,1,0,0,0,0,1,0
1107.tif,0,0,1,1,0,0,0,0,1,0,1,0,0,0,0,1,0
1108.tif,0,1,0,1,0,1,0,0,0,0,1,0,0,0,0,1,0
1109.tif,0,0,1,1,0,0,0,0,0,0,1,0,0,0,0,1,0
1110.tif,0,0,1,1,0,0,0,0,1,0,1,0,0,0,0,1,0
1111.tif,0,0,1,1,0,0,0,0,1,0,1,0,0,0,0,1,0
1112.tif,0,1,1,1,0,0,0,0,0,0,1,0,0,0,0,1,0
1113.tif,0,0,1,1,0,0,0,0,1,0,1,0,0,0,0,1,0
1114.tif,0,0,1,1,0,0,0,0,0,0,1,0,0,0,0,1,0
1115.tif,0,0,1,1,0,0,0,0,1,0,1,0,0,0,0,1,0
1116.tif,0,1,1,1,0,0,0,0,0,0,1,0,0,0,0,1,0
1117.tif,0,0,0,1,0,0,0,0,1,0,1,0,0,0,0,1,0
1118.tif,0,1,0,1,0,0,0,0,1,0,1,0,0,0,0,0,0
1119.tif,0,0,0,1,0,0,0,0,1,0,1,0,0,0,0,0,0
1120.tif,0,0,1,1,0,0,0,0,1,0,1,0,0,0,0,0,0
1121.tif,0,1,0,1,0,0,0,0,1,0,1,0,0,0,0,0,0
1122.tif,0,0,0,1,0,0,0,0,1,0,1,0,0,0,0,1,0
1123.tif,0,0,1,0,0,0,0,0,1,0,1,0,0,0,0,1,0
1124.tif,0,0,1,1,0,0,0,0,1,0,1,0,0,0,0,1,0
1125.tif,0,0,0,1,0,0,0,0,1,0,1,0,0,0,0,1,0
1126.tif,0,0,1,1,0,0,0,0,1,0,1,0,0,0,0,1,0
1127.tif,0,1,1,1,0,0,0,0,1,0,1,0,0,0,0,1,0
1128.tif,0,1,1,1,0,0,0,0,1,0,1,0,0,0,0,1,0
1129.tif,0,0,1,1,0,0,0,0,1,0,1,0,0,0,0,1,0
1130.tif,0,0,0,1,0,0,0,0,1,0,1,0,0,0,0,0,0
1131.tif,0,0,0,1,0,0,0,0,1,0,1,0,0,0,0,1,0
1132.tif,0,0,1,1,0,0,0,0,1,0,1,0,0,0,0,1,0
1133.tif,0,1,0,1,0,0,0,0,1,0,1,0,0,0,0,1,0
1134.tif,0,1,0,1,0,0,0,0,1,0,1,0,0,0,0,1,0
1135.tif,0,1,1,1,0,0,0,0,1,0,1,0,0,0,0,1,0
1136.tif,0,0,1,1,0,0,0,1,1,0,1,0,0,0,0,1,0
1137.tif,0,1,0,1,0,0,0,0,1,0,1,0,0,0,0,1,0
1138.tif,0,1,1,1,0,0,0,0,1,0,1,0,0,0,0,1,0
1139.tif,0,1,1,1,0,0,0,0,0,0,1,0,0,0,0,1,0
1140.tif,0,1,1,1,0,0,0,0,1,0,1,0,0,0,0,1,0
1141.tif,0,1,1,1,0,0,0,0,0,0,1,0,0,0,0,1,0
1142.tif,0,1,1,1,0,0,0,0,0,0,1,0,0,0,0,1,0
1143.tif,0,1,1,1,0,0,0,0,0,0,1,0,0,0,0,1,0
1144.tif,0,1,1,1,0,0,0,0,1,0,1,0,0,0,0,1,0
1145.tif,0,1,0,1,0,0,0,0,1,0,1,0,0,0,0,1,0
1146.tif,0,1,0,1,0,0,0,0,1,0,1,0,0,0,0,1,0
1147.tif,0,0,1,1,0,0,0,0,1,0,1,0,0,0,0,1,0
1148.tif,0,1,1,1,0,0,0,0,0,0,1,0,0,0,0,1,0
1149.tif,0,1,0,1,0,0,0,0,0,0,1,0,0,0,0,0,0
1150.tif,0,0,1,1,0,0,0,0,1,0,1,0,0,0,0,1,0
1151.tif,0,1,0,1,0,0,0,0,0,1,1,0,0,0,0,1,0
1152.tif,0,1,0,1,0,0,0,0,1,1,1,0,0,0,0,1,0
1153.tif,0,1,0,1,0,0,0,0,1,0,1,0,0,0,0,1,0
1154.tif,0,1,1,1,0,0,0,0,0,0,1,0,0,0,0,0,0
1155.tif,0,1,1,1,0,0,0,0,0,0,1,0,0,0,0,1,0
1156.tif,0,1,0,1,0,0,0,0,0,0,1,0,0,0,0,1,0
1157.tif,0,1,0,1,0,0,0,0,1,0,1,0,0,0,0,1,0
1158.tif,0,1,1,1,0,0,0,0,1,0,1,0,0,0,0,1,0
1159.tif,0,1,0,1,0,0,0,0,1,0,1,0,0,0,0,1,0
1160.tif,0,1,1,1,0,0,0,0,0,0,1,0,0,0,0,1,0
1161.tif,0,0,1,0,0,0,0,0,1,0,1,0,0,0,0,0,0
1162.tif,0,0,1,1,0,0,0,0,1,0,1,0,0,0,0,0,0
1163.tif,0,0,0,1,0,0,0,0,1,0,1,0,0,0,0,1,0
1164.tif,0,0,0,1,0,0,0,0,1,0,1,0,0,0,0,0,0
1165.tif,0,0,1,1,0,0,0,0,1,0,1,0,0,0,0,1,0
1166.tif,0,0,1,1,0,0,0,0,1,0,1,0,0,0,0,1,0
1167.tif,0,0,1,1,0,0,0,0,1,0,1,0,0,0,0,1,0
1168.tif,0,0,1,1,0,0,0,0,1,0,1,0,0,0,0,1,0
1169.tif,0,0,1,1,0,0,0,0,1,0,1,0,0,0,0,1,0
1170.tif,0,1,1,1,0,0,0,0,1,0,1,0,0,0,0,1,0
1171.tif,0,0,1,1,0,0,0,0,0,0,1,0,0,0,0,0,0
1172.tif,0,0,1,1,0,0,0,0,0,0,1,0,0,0,0,0,0
1173.tif,0,0,1,1,0,0,0,0,0,0,1,0,0,0,0,0,0
1174.tif,0,0,1,1,0,0,0,0,0,0,1,0,0,0,0,0,0
1175.tif,0,1,1,1,0,0,0,0,0,0,1,0,0,0,0,1,0
1176.tif,0,1,1,1,0,0,0,0,0,0,1,0,0,0,0,0,0
1177.tif,0,0,1,0,0,0,0,0,1,0,1,0,0,0,0,0,0
1178.tif,0,0,1,1,0,0,0,0,1,0,1,0,0,0,0,1,0
1179.tif,0,1,0,1,0,0,0,0,1,0,1,0,0,0,0,0,0
1180.tif,0,0,1,1,0,0,0,0,1,0,1,0,0,0,0,1,0
1181.tif,0,1,1,1,0,0,0,0,1,0,1,0,0,0,0,1,0
1182.tif,0,0,1,1,0,0,0,0,1,0,1,0,0,0,0,1,0
1183.tif,0,0,1,1,0,0,0,0,1,0,1,0,0,0,0,1,0
1184.tif,0,1,1,1,0,0,0,0,1,0,1,0,0,0,0,1,0
1185.tif,0,1,0,0,0,0,0,0,1,0,1,0,0,0,0,1,0
1186.tif,0,0,0,1,0,0,0,0,1,0,1,0,0,0,0,1,0
1187.tif,0,1,1,1,0,0,0,0,0,0,1,0,0,0,0,1,0
1188.tif,0,1,0,1,0,0,0,0,1,0,1,0,0,0,0,1,0
1189.tif,0,1,1,1,0,0,0,0,0,0,1,0,0,0,0,1,0
1190.tif,0,1,0,1,0,0,0,0,0,0,1,0,0,0,0,1,0
1191.tif,0,1,0,1,0,0,0,0,0,0,1,0,0,0,0,0,0
1192.tif,0,1,0,1,0,0,0,0,0,0,1,0,0,0,0,1,0
1193.tif,0,1,0,1,0,0,0,0,0,0,1,0,0,0,0,1,0
1194.tif,0,1,1,1,0,0,0,0,1,0,1,0,0,0,0,1,0
1195.tif,0,0,1,1,0,0,0,0,1,0,1,0,0,0,0,1,0
1196.tif,0,1,1,1,0,0,0,0,1,0,1,0,0,0,0,1,0
1197.tif,0,1,1,1,0,0,0,0,0,0,1,0,0,0,0,1,0
1198.tif,0,0,1,1,0,0,0,0,1,0,1,0,0,0,0,1,0
1199.tif,0,1,1,1,0,0,0,0,0,0,1,0,0,0,0,1,0
1200.tif,0,1,1,1,0,0,0,0,0,0,1,0,0,0,0,1,0
1201.tif,0,0,1,1,0,0,0,0,1,0,0,0,0,0,0,1,0
1202.tif,0,0,1,1,0,0,0,0,1,0,0,0,0,0,0,1,0
1203.tif,0,0,1,1,0,0,0,0,1,0,0,0,0,0,0,1,0
1204.tif,0,1,1,1,0,0,0,0,1,0,0,0,0,0,0,1,0
1205.tif,0,0,1,1,0,0,0,0,1,0,0,0,0,0,0,1,0
1206.tif,0,1,1,1,0,0,0,0,1,0,0,0,0,0,0,1,0
1207.tif,0,0,1,1,0,0,0,0,1,0,1,0,0,0,0,1,0
1208.tif,0,0,1,1,0,0,0,0,1,0,0,0,0,0,0,1,0
1209.tif,0,0,1,1,0,0,0,0,1,0,1,0,0,0,0,1,0
1210.tif,0,0,1,1,0,0,0,0,1,0,0,0,0,0,0,1,0
1211.tif,0,0,1,0,0,0,0,0,1,0,0,0,0,0,0,1,0
1212.tif,0,0,1,1,0,0,0,0,1,0,1,0,0,0,0,1,0
1213.tif,0,0,1,0,0,0,0,0,1,0,0,0,0,0,0,1,0
1214.tif,0,0,1,1,0,0,0,0,1,0,0,0,0,0,0,1,0
1215.tif,0,0,1,1,0,0,0,0,1,0,0,0,0,0,0,1,0
1216.tif,0,0,1,1,0,0,0,0,1,0,0,0,0,0,0,1,0
1217.tif,0,0,1,1,0,0,0,0,1,0,0,0,0,0,0,1,0
1218.tif,0,0,1,1,0,0,0,0,1,0,1,0,0,0,0,1,0
1219.tif,0,1,1,1,0,0,0,0,1,0,1,0,0,0,0,1,0
1220.tif,0,1,1,1,0,0,0,0,1,0,0,0,0,0,0,1,0
1221.tif,0,1,1,1,0,0,0,0,1,0,1,0,0,0,0,1,0
1222.tif,0,0,1,1,0,0,0,0,1,0,1,0,0,0,0,1,0
1223.tif,0,0,1,1,0,0,0,0,1,0,1,0,0,0,0,1,0
1224.tif,0,0,1,1,0,0,0,0,1,0,1,0,0,0,0,1,0
1225.tif,0,0,1,1,0,0,0,0,1,0,1,0,0,0,0,1,0
1226.tif,0,0,1,1,0,0,0,0,1,0,1,0,0,0,0,1,0
1227.tif,0,0,1,1,0,0,0,0,1,0,1,0,0,0,0,1,0
1228.tif,0,0,1,1,0,0,0,0,1,0,1,0,0,0,0,1,0
1229.tif,0,1,1,1,0,0,0,0,1,0,1,0,0,0,0,1,0
1230.tif,0,1,1,1,0,0,0,0,1,0,1,0,0,0,0,1,0
1231.tif,0,1,1,1,0,0,0,0,1,0,1,0,0,0,0,1,0
1232.tif,0,1,1,1,0,0,0,0,1,0,1,0,0,0,0,1,0
1233.tif,0,1,1,1,0,0,0,0,1,0,1,0,0,0,0,1,0
1234.tif,0,1,1,1,0,0,0,0,0,0,1,0,0,0,0,1,0
1235.tif,0,1,1,1,0,0,0,0,1,0,1,0,0,0,0,1,0
1236.tif,0,1,1,1,0,0,0,0,0,0,0,0,0,0,0,1,0
1237.tif,0,1,1,1,0,0,0,0,0,0,0,0,0,0,0,1,0
1238.tif,0,1,1,1,0,0,0,0,1,0,0,0,0,0,0,1,0
1239.tif,0,1,1,1,0,0,0,0,0,0,1,0,0,0,0,1,0
1240.tif,0,1,1,1,0,0,0,0,0,0,0,0,0,0,0,1,0
1241.tif,0,1,1,1,0,0,0,0,1,0,1,0,0,0,0,1,0
1242.tif,0,1,1,1,0,0,0,0,1,0,1,0,0,0,0,1,0
1243.tif,0,1,1,1,0,0,0,0,0,0,1,0,0,0,0,1,0
1244.tif,0,1,1,1,0,0,0,0,0,0,0,0,0,0,0,1,0
1245.tif,0,1,1,1,0,0,0,0,1,0,0,0,0,0,0,1,0
1246.tif,0,1,1,1,0,0,0,0,0,0,1,0,0,0,0,1,0
1247.tif,0,1,1,1,0,0,0,0,1,0,1,0,0,0,0,1,0
1248.tif,0,1,1,1,0,0,0,0,1,0,0,0,0,0,0,1,0
1249.tif,0,1,1,1,0,0,0,0,1,0,1,0,0,0,0,1,0
1250.tif,0,1,1,1,0,0,0,0,0,0,1,0,0,0,0,1,0
1251.tif,0,1,1,1,0,0,0,0,1,0,0,0,0,0,0,1,0
1252.tif,0,1,1,1,0,0,0,0,1,0,1,0,0,0,0,1,0
1253.tif,0,1,1,1,0,0,0,0,1,0,1,0,0,0,0,1,0
1254.tif,0,1,1,1,0,0,0,0,0,0,1,0,0,0,0,1,0
1255.tif,0,1,1,1,0,0,0,0,1,0,0,0,0,0,0,1,0
1256.tif,0,1,1,1,0,0,0,0,0,0,0,0,0,0,0,1,0
1257.tif,0,1,1,1,0,0,0,0,1,0,1,0,0,0,0,0,0
1258.tif,0,0,1,1,0,0,0,0,1,0,1,0,0,0,0,0,0
1259.tif,0,0,1,1,0,0,0,0,1,0,1,0,0,0,0,0,0
1260.tif,0,1,1,1,0,0,0,0,1,0,1,0,0,0,0,1,0
1261.tif,0,0,1,1,0,0,0,0,1,0,1,0,0,0,0,1,0
1262.tif,0,0,1,1,0,0,0,0,1,0,1,0,0,0,0,1,0
1263.tif,0,0,1,1,0,0,0,0,1,0,1,0,0,0,0,1,0
1264.tif,0,0,1,1,0,0,0,0,1,0,1,0,0,0,0,1,0
1265.tif,0,1,1,1,0,0,0,0,1,0,1,0,0,0,0,1,0
1266.tif,0,1,1,1,0,0,0,0,1,0,1,0,0,0,0,1,0
1267.tif,0,1,1,1,0,0,0,0,1,0,1,0,0,0,0,1,0
1268.tif,0,1,1,1,0,0,0,0,1,0,1,0,0,0,0,1,0
1269.tif,0,0,1,1,0,0,0,0,1,0,1,0,0,0,0,1,0
1270.tif,0,0,1,1,0,0,0,0,1,0,0,0,0,0,0,1,0
1271.tif,0,0,1,1,0,0,0,0,0,0,1,0,0,0,0,1,0
1272.tif,0,0,1,1,0,0,0,0,1,0,1,0,0,0,0,1,0
1273.tif,0,0,1,1,0,0,0,0,1,0,0,0,0,0,0,1,0
1274.tif,0,0,1,1,0,0,0,0,1,0,1,0,0,0,0,1,0
1275.tif,0,0,1,1,0,0,0,0,1,0,1,0,0,0,0,1,0
1276.tif,0,0,1,1,0,0,0,0,1,0,1,0,0,0,0,1,0
1277.tif,0,0,1,1,0,0,0,0,1,0,1,0,0,0,0,0,0
1278.tif,0,0,1,1,0,0,0,0,1,0,1,0,0,0,0,0,0
1279.tif,0,0,1,1,0,0,0,0,1,0,1,0,0,0,0,0,0
1280.tif,0,0,1,1,0,0,0,0,1,0,1,0,0,0,0,0,0
1281.tif,0,0,1,1,0,0,0,0,1,0,1,0,0,0,0,0,0
1282.tif,0,0,1,1,0,0,0,0,1,0,1,0,0,0,0,1,0
1283.tif,0,0,1,1,0,0,0,0,1,0,0,0,0,0,0,1,0
1284.tif,0,0,1,1,0,0,0,0,1,0,1,0,0,0,0,1,0
1285.tif,0,0,1,1,0,0,0,0,1,0,1,0,0,0,0,1,0
1286.tif,0,0,1,1,0,0,0,0,1,0,1,0,0,0,0,1,0
1287.tif,0,0,1,0,0,0,0,0,1,0,0,0,0,0,0,1,0
1288.tif,0,0,1,1,0,0,0,0,1,0,1,0,0,0,0,1,0
1289.tif,0,0,1,1,0,0,0,0,1,0,0,0,0,0,0,1,0
1290.tif,0,0,1,1,0,0,0,0,1,0,0,0,0,0,0,1,0
1291.tif,0,0,1,1,0,0,0,0,1,0,0,0,0,0,0,1,0
1292.tif,0,0,1,1,0,0,0,0,1,0,0,0,0,0,0,1,0
1293.tif,0,1,1,0,0,0,0,0,1,0,1,0,0,0,0,1,0
1294.tif,0,0,1,1,0,0,0,0,1,0,1,0,0,0,0,0,0
1295.tif,0,0,1,1,0,0,0,0,1,0,1,0,0,0,0,1,0
1296.tif,0,1,1,1,0,0,0,0,1,0,1,0,0,0,0,1,0
1297.tif,0,0,1,1,0,0,0,0,1,0,1,0,0,0,0,1,0
1298.tif,0,1,1,1,0,0,0,0,1,0,1,0,0,0,0,1,0
1299.tif,0,0,1,1,0,0,0,0,1,0,0,0,0,0,0,1,0
1300.tif,0,0,1,0,0,0,0,0,1,0,0,0,0,0,0,1,0
1301.tif,0,0,0,1,0,0,0,0,0,1,1,0,0,0,0,1,0
1302.tif,0,0,0,1,0,0,0,0,1,1,1,0,0,0,0,1,0
1303.tif,0,1,0,1,0,0,0,0,0,1,1,0,0,0,0,1,0
1304.tif,0,1,0,1,0,0,0,0,0,1,1,0,0,0,0,1,0
1305.tif,0,1,0,1,0,0,0,0,0,1,1,0,0,0,0,1,0
1306.tif,0,1,0,1,0,0,0,0,0,1,1,0,0,0,0,1,0
1307.tif,0,1,0,1,0,0,0,0,0,1,1,0,0,0,0,1,0
1308.tif,0,1,0,1,0,0,0,0,0,1,1,0,0,0,0,1,0
1309.tif,0,1,0,1,0,0,0,0,1,1,1,0,0,0,0,1,0
1310.tif,0,0,0,1,0,0,0,0,1,1,1,0,0,0,0,1,0
1311.tif,0,1,0,1,0,0,0,0,0,1,1,0,0,0,0,1,0
1312.tif,0,1,0,0,0,0,0,0,0,1,1,0,0,0,0,1,0
1313.tif,0,1,0,1,0,0,0,0,0,1,1,0,0,0,0,1,0
1314.tif,0,1,0,1,0,0,0,0,0,1,1,0,0,0,0,1,0
1315.tif,0,1,0,1,0,0,0,0,0,1,1,0,0,0,0,1,0
1316.tif,0,1,0,1,0,0,0,0,0,1,1,0,0,0,0,1,0
1317.tif,0,1,0,1,0,0,0,0,0,1,1,0,0,0,0,1,0
1318.tif,0,0,0,1,0,0,0,0,0,1,1,0,0,0,0,1,0
1319.tif,0,0,0,1,0,0,0,0,1,1,1,0,0,0,0,1,0
1320.tif,0,0,0,1,0,0,0,0,0,1,1,0,0,0,0,1,0
1321.tif,0,0,0,0,0,0,0,0,0,1,1,0,0,0,0,1,0
1322.tif,0,0,0,1,0,0,0,0,0,1,1,0,0,0,0,1,0
1323.tif,0,1,0,1,0,0,0,0,0,1,1,0,0,0,0,1,0
1324.tif,0,1,0,1,0,0,0,0,1,1,1,0,0,0,0,1,0
1325.tif,0,0,0,1,0,0,0,0,1,1,1,0,0,0,0,1,0
1326.tif,0,0,0,1,0,0,0,0,1,1,1,0,0,0,0,1,0
1327.tif,0,0,0,1,0,0,0,0,0,1,1,0,0,0,0,0,0
1328.tif,0,1,0,1,0,0,0,0,0,1,1,0,0,0,0,0,0
1329.tif,0,1,0,1,0,0,0,0,1,1,1,0,0,0,0,1,0
1330.tif,0,1,0,1,0,0,0,0,1,1,1,0,0,0,0,1,0
1331.tif,0,0,0,1,0,0,0,0,1,1,1,0,0,0,0,1,0
1332.tif,0,0,0,1,0,0,0,0,1,1,1,0,0,0,0,1,0
1333.tif,0,0,0,1,0,0,0,0,1,1,1,0,0,0,0,1,0
1334.tif,0,0,0,1,0,0,0,0,1,1,1,0,0,0,0,1,0
1335.tif,0,0,0,1,0,0,0,0,1,1,1,0,0,0,0,1,0
1336.tif,0,0,0,1,0,0,0,0,1,1,1,0,0,0,0,1,0
1337.tif,0,0,0,1,0,0,0,0,1,1,1,0,0,0,0,1,0
1338.tif,0,0,0,1,0,0,0,0,1,1,1,0,0,0,0,1,0
1339.tif,0,0,0,1,0,0,0,0,1,1,1,0,0,0,0,1,0
1340.tif,0,0,0,1,0,0,0,0,1,1,1,0,0,0,0,1,0
1341.tif,0,0,0,1,0,0,0,0,0,1,1,0,0,0,0,1,0
1342.tif,0,0,0,1,0,0,0,0,0,1,1,0,0,0,0,1,0
1343.tif,0,0,0,1,0,0,0,0,0,1,1,0,0,0,0,1,0
1344.tif,0,0,0,1,0,0,0,0,0,1,1,0,0,0,0,1,0
1345.tif,0,0,0,1,0,0,0,0,0,1,1,0,0,0,0,1,0
1346.tif,0,0,0,1,0,0,0,0,0,1,1,0,0,0,0,0,0
1347.tif,0,0,0,1,0,0,0,0,1,1,1,0,0,0,0,1,0
1348.tif,0,0,0,1,0,0,0,0,1,1,1,0,0,0,0,1,0
1349.tif,0,0,0,1,0,0,0,0,0,1,1,0,0,0,0,1,0
1350.tif,0,0,0,1,0,0,0,0,0,1,1,0,0,0,0,0,0
1351.tif,0,0,0,1,0,0,0,0,1,1,1,0,0,0,0,1,0
1352.tif,0,0,0,1,0,0,0,0,0,1,1,0,0,0,0,1,0
1353.tif,0,0,0,1,0,0,0,0,1,1,1,0,0,0,0,1,0
1354.tif,0,0,0,1,0,0,0,0,1,1,1,0,0,0,0,1,0
1355.tif,0,0,0,1,0,0,0,0,1,1,1,0,0,0,0,1,0
1356.tif,0,0,0,1,0,0,0,0,1,1,1,0,0,0,0,1,0
1357.tif,0,0,0,1,0,0,0,0,1,1,1,0,0,0,0,1,0
1358.tif,0,0,0,1,0,0,0,0,1,1,1,0,0,0,0,0,0
1359.tif,0,0,0,1,0,0,0,0,1,1,1,0,0,0,0,1,0
1360.tif,0,0,0,1,0,0,0,0,1,1,1,0,0,0,0,1,0
1361.tif,0,0,0,1,0,0,0,0,1,1,1,0,0,0,0,1,0
1362.tif,0,0,0,1,0,0,0,0,1,1,1,0,0,0,0,0,0
1363.tif,0,0,0,1,0,0,0,0,1,1,1,0,0,0,0,1,0
1364.tif,0,0,0,1,0,0,0,0,1,1,1,0,0,0,0,1,0
1365.tif,0,0,0,1,0,0,0,0,1,1,1,0,0,0,0,1,0
1366.tif,0,0,0,1,0,0,0,0,1,1,1,0,0,0,0,1,0
1367.tif,0,0,0,1,0,0,0,0,1,1,1,0,0,0,0,1,0
1368.tif,0,0,0,1,0,0,0,0,1,1,1,0,0,0,0,1,0
1369.tif,0,0,0,1,0,0,0,0,1,1,1,0,0,0,0,1,0
1370.tif,0,0,0,1,0,0,0,0,1,1,1,0,0,0,0,1,0
1371.tif,0,0,0,1,0,0,0,0,1,1,1,0,0,0,0,1,0
1372.tif,0,1,0,1,0,0,0,0,0,1,1,0,0,0,0,1,0
1373.tif,0,1,0,1,0,0,0,0,1,1,1,0,0,0,0,1,0
1374.tif,0,1,0,1,0,0,0,0,1,1,1,0,0,0,0,1,0
1375.tif,0,1,0,1,0,0,0,0,0,1,1,0,0,0,0,1,0
1376.tif,0,1,0,1,0,0,0,0,0,1,1,0,0,0,0,1,0
1377.tif,0,1,0,1,0,0,0,0,0,1,1,0,0,0,0,0,0
1378.tif,0,1,0,1,0,0,0,0,0,1,1,0,0,0,0,1,0
1379.tif,0,0,0,1,0,0,0,0,1,1,1,0,0,0,0,1,0
1380.tif,0,0,0,1,0,0,0,0,1,1,1,0,0,0,0,1,0
1381.tif,0,0,0,1,0,0,0,0,1,1,1,0,0,0,0,0,0
1382.tif,0,0,0,1,0,0,0,0,1,1,1,0,0,0,0,0,0
1383.tif,0,0,0,1,0,0,0,0,1,1,1,0,0,0,0,1,0
1384.tif,0,1,0,0,0,0,0,0,0,1,1,0,0,0,0,1,0
1385.tif,0,0,0,0,0,0,0,0,0,1,1,0,0,0,0,1,0
1386.tif,0,1,0,0,0,0,0,0,0,1,1,0,0,0,0,1,0
1387.tif,0,1,0,0,0,0,0,0,0,1,1,0,0,0,0,1,0
1388.tif,0,0,0,0,0,0,0,0,0,1,1,0,0,0,0,1,0
1389.tif,0,0,0,0,0,0,0,0,1,1,1,0,0,0,0,1,0
1390.tif,0,1,0,1,0,0,0,0,0,1,1,0,0,0,0,1,0
1391.tif,0,1,0,0,0,0,0,0,0,1,1,0,0,0,0,1,0
1392.tif,0,1,0,1,0,0,0,0,0,1,1,0,0,0,0,1,0
1393.tif,0,1,0,1,0,0,0,0,1,1,1,0,0,0,0,1,0
1394.tif,0,1,0,0,0,0,0,0,0,1,1,0,0,0,0,1,0
1395.tif,0,1,0,1,0,0,0,0,0,1,1,0,0,0,0,1,0
1396.tif,0,0,0,1,0,0,0,0,0,1,1,0,0,0,0,1,0
1397.tif,0,0,0,1,0,0,0,0,1,1,1,0,0,0,0,1,0
1398.tif,0,0,0,1,0,0,0,0,1,1,1,0,0,0,0,1,0
1399.tif,0,0,0,1,0,0,0,0,1,1,1,0,0,0,0,1,0
1400.tif,0,0,0,1,0,0,0,0,0,1,1,0,0,0,0,1,0
1401.tif,0,0,0,1,0,0,0,0,1,0,1,0,0,0,0,1,0
1402.tif,0,0,0,1,0,0,0,0,1,0,1,0,0,0,0,1,0
1403.tif,0,1,0,1,0,0,0,0,0,0,1,0,0,0,0,0,0
1404.tif,0,1,0,1,0,0,0,0,0,0,1,0,0,0,0,0,0
1405.tif,0,1,0,1,0,0,0,0,0,0,1,0,0,0,0,0,0
1406.tif,0,1,0,1,0,0,0,0,0,0,1,0,0,0,0,0,0
1407.tif,0,1,0,1,0,0,0,0,0,0,1,0,0,0,0,1,0
1408.tif,0,1,0,1,0,0,0,0,0,0,1,0,0,0,0,0,0
1409.tif,0,1,0,1,0,0,0,0,0,0,1,0,0,0,0,0,0
1410.tif,0,1,0,1,0,0,0,0,0,0,1,0,0,0,0,0,0
1411.tif,0,0,0,1,0,0,0,0,1,0,1,0,0,0,0,0,0
1412.tif,0,1,0,1,0,0,0,0,0,0,1,0,0,0,0,1,0
1413.tif,0,0,0,1,0,0,0,0,1,0,1,0,0,0,0,0,0
1414.tif,0,1,0,1,0,0,0,0,1,0,1,0,0,0,0,1,0
1415.tif,0,1,0,0,0,0,0,0,1,0,1,0,0,0,0,1,0
1416.tif,0,0,0,1,0,0,0,0,1,0,1,0,0,0,0,0,0
1417.tif,0,0,0,1,0,0,0,0,1,0,1,0,0,0,0,1,0
1418.tif,0,0,0,1,0,0,0,0,1,0,1,0,0,0,0,0,0
1419.tif,0,0,0,1,0,0,0,0,1,0,1,0,0,0,0,0,0
1420.tif,0,0,0,1,0,0,0,0,1,0,1,0,0,0,0,0,0
1421.tif,0,0,0,1,0,0,0,0,1,0,1,0,0,0,0,0,0
1422.tif,0,0,0,1,0,0,0,0,1,0,1,0,0,0,0,0,0
1423.tif,0,0,0,1,0,0,0,0,1,0,1,0,0,0,0,0,0
1424.tif,0,1,0,1,0,0,0,0,1,0,1,0,0,0,0,0,0
1425.tif,0,1,0,1,0,0,0,0,1,0,1,0,0,0,0,0,0
1426.tif,0,1,0,1,0,0,0,0,1,0,1,0,0,0,0,0,0
1427.tif,0,1,0,1,0,0,0,0,0,0,1,0,0,0,0,0,0
1428.tif,0,0,0,1,0,0,0,0,1,0,1,0,0,0,0,0,0
1429.tif,0,0,0,0,0,0,0,0,1,0,1,0,0,0,0,0,0
1430.tif,0,1,0,1,0,0,0,0,0,0,1,0,0,0,0,1,0
1431.tif,0,1,0,1,0,0,0,0,0,0,1,0,0,0,0,1,0
1432.tif,0,1,0,1,0,0,0,0,1,0,1,0,0,0,0,1,0
1433.tif,0,1,0,1,0,0,0,0,1,0,1,0,0,0,0,1,0
1434.tif,0,0,0,1,0,0,0,0,1,0,1,0,0,0,0,1,0
1435.tif,0,0,0,1,0,0,0,0,1,0,1,0,0,0,0,1,0
1436.tif,0,1,0,1,0,0,0,0,1,0,1,0,0,0,0,1,0
1437.tif,0,0,0,1,0,0,0,0,1,0,1,0,0,0,0,1,0
1438.tif,0,0,0,1,0,0,0,0,1,0,1,0,0,0,0,1,0
1439.tif,0,0,0,1,0,0,0,0,1,0,1,0,0,0,0,0,0
1440.tif,0,0,0,1,0,0,0,0,1,0,1,0,0,0,0,1,0
1441.tif,0,0,0,1,0,0,0,0,1,0,1,0,0,0,0,1,0
1442.tif,0,0,0,1,0,0,0,0,1,0,1,0,0,0,0,0,0
1443.tif,0,0,0,1,0,0,0,0,1,0,1,0,0,0,0,0,0
1444.tif,0,0,0,1,0,0,0,0,1,0,1,0,0,0,0,0,0
1445.tif,0,0,0,1,0,0,0,0,1,0,1,0,0,0,0,0,0
1446.tif,0,0,0,1,0,0,0,0,1,0,1,0,0,0,0,0,0
1447.tif,0,0,0,1,0,0,0,0,1,0,1,0,0,0,0,0,0
1448.tif,0,0,0,1,0,0,0,0,1,0,1,0,0,0,0,0,0
1449.tif,0,0,0,1,0,0,0,0,1,0,1,0,0,0,0,0,0
1450.tif,0,0,0,1,0,0,0,0,0,0,1,0,0,0,0,0,0
1451.tif,0,0,0,1,0,0,0,0,1,0,1,0,0,0,0,0,0
1452.tif,0,0,0,1,0,0,0,0,1,0,1,0,0,0,0,0,0
1453.tif,0,0,0,1,0,0,0,0,1,0,1,0,0,0,0,0,0
1454.tif,0,0,0,1,0,0,0,0,1,0,1,0,0,0,0,0,0
1455.tif,0,1,0,1,0,0,0,0,1,0,1,0,0,0,0,0,0
1456.tif,0,0,0,1,0,0,0,0,1,0,1,0,0,0,0,1,0
1457.tif,0,1,0,1,0,0,0,0,1,0,1,0,0,0,0,0,0
1458.tif,0,1,0,1,0,0,0,0,1,0,1,0,0,0,0,0,0
1459.tif,0,1,0,1,0,0,0,0,1,0,1,0,0,0,0,0,0
1460.tif,0,1,0,1,0,0,0,0,1,0,1,0,0,0,0,1,0
1461.tif,0,0,0,1,0,0,0,0,1,0,1,0,0,0,0,0,0
1462.tif,0,0,0,1,0,0,0,0,1,0,1,0,0,0,0,0,0
1463.tif,0,0,0,1,0,0,0,0,1,0,1,0,0,0,0,0,0
1464.tif,0,0,0,1,0,0,0,0,1,0,1,0,0,0,0,0,0
1465.tif,0,0,0,1,0,0,0,0,1,0,1,0,0,0,0,0,0
1466.tif,0,0,0,1,0,0,0,0,1,0,1,0,0,0,0,0,0
1467.tif,0,1,0,1,0,0,0,0,1,0,1,0,0,0,0,0,0
1468.tif,0,1,0,1,0,0,0,0,1,0,1,0,0,0,0,0,0
1469.tif,0,1,0,0,0,0,0,0,1,0,1,0,0,0,0,0,0
1470.tif,0,1,0,0,0,0,0,0,1,0,1,0,0,0,0,0,0
1471.tif,0,1,0,1,0,0,0,0,1,0,1,0,0,0,0,0,0
1472.tif,0,1,0,1,0,0,0,0,1,0,1,0,0,0,0,0,0
1473.tif,0,0,0,1,0,0,0,0,1,0,1,0,0,0,0,0,0
1474.tif,0,1,0,1,0,0,0,0,1,0,1,0,0,0,0,0,0
1475.tif,0,1,0,1,0,0,0,0,1,0,1,0,0,0,0,0,0
1476.tif,0,0,0,1,0,0,0,0,1,0,1,0,0,0,0,0,0
1477.tif,0,1,0,1,0,0,0,0,1,0,1,0,0,0,0,0,0
1478.tif,0,0,0,1,0,0,0,0,1,0,1,0,0,0,0,0,0
1479.tif,0,1,0,0,0,0,0,0,1,0,1,0,0,0,0,0,0
1480.tif,0,1,0,1,0,0,0,0,1,0,1,0,0,0,0,0,0
1481.tif,0,0,0,1,0,0,0,0,1,0,1,0,0,0,0,0,0
1482.tif,0,1,0,0,0,0,0,0,1,0,1,0,0,0,0,0,0
1483.tif,0,1,0,0,0,0,0,0,1,0,1,0,0,0,0,0,0
1484.tif,0,0,0,1,0,0,0,0,1,0,1,0,0,0,0,0,0
1485.tif,0,1,0,0,0,0,0,0,1,0,1,0,0,0,0,1,0
1486.tif,0,1,0,0,0,0,0,0,1,0,1,0,0,0,0,0,0
1487.tif,0,1,0,1,0,0,0,0,1,0,1,0,0,0,0,1,0
1488.tif,0,0,0,1,0,0,0,0,1,0,1,0,0,0,0,0,0
1489.tif,0,0,0,1,0,0,0,0,1,0,1,0,0,0,0,0,0
1490.tif,0,0,0,1,0,0,0,0,1,0,1,0,0,0,0,0,0
1491.tif,0,0,0,1,0,0,0,0,1,0,1,0,0,0,0,0,0
1492.tif,0,0,0,1,0,0,0,0,1,0,1,0,0,0,0,0,0
1493.tif,0,0,0,1,0,0,0,0,1,0,1,0,0,0,0,0,0
1494.tif,0,0,0,1,0,0,0,0,1,0,1,0,0,0,0,0,0
1495.tif,0,0,0,1,0,0,0,0,1,0,1,0,0,0,0,0,0
1496.tif,0,1,0,1,0,0,0,0,0,0,1,0,0,0,0,0,0
1497.tif,0,0,0,1,0,0,0,0,1,0,1,0,0,0,0,0,0
1498.tif,0,0,0,1,0,0,0,0,1,0,1,0,0,0,0,0,0
1499.tif,0,0,0,1,0,0,0,0,0,0,1,0,0,0,0,0,0
1500.tif,0,0,0,1,0,0,0,0,0,0,1,0,0,0,0,0,0
1501.tif,0,0,0,1,0,0,0,0,0,0,1,0,0,0,0,0,0
1502.tif,0,0,0,1,0,0,0,0,0,0,1,0,0,0,0,1,0
1503.tif,0,0,0,1,0,0,0,0,0,0,1,0,0,0,0,1,0
1504.tif,0,0,0,1,0,0,0,0,0,0,1,0,0,0,0,0,0
1505.tif,0,0,0,1,0,0,0,0,0,0,1,0,0,0,0,0,0
1506.tif,0,0,0,1,0,0,0,0,0,0,1,0,0,0,0,1,0
1507.tif,0,0,0,1,0,0,0,0,0,0,1,0,0,0,0,1,0
1508.tif,0,0,0,1,0,0,0,0,0,0,1,0,0,0,0,1,0
1509.tif,0,0,0,1,0,0,0,0,0,0,1,0,0,0,0,1,0
1510.tif,0,0,0,1,0,0,0,0,0,0,1,0,0,0,0,1,0
1511.tif,0,0,0,1,0,0,0,0,0,0,1,0,0,0,0,0,0
1512.tif,0,0,0,1,0,0,0,0,0,0,1,0,0,0,0,0,0
1513.tif,0,0,0,1,0,0,0,0,0,0,1,0,0,0,0,0,0
1514.tif,0,0,0,1,0,0,0,0,0,0,1,0,0,0,0,0,0
1515.tif,0,1,0,1,0,0,0,0,0,0,1,0,0,0,0,1,0
1516.tif,0,0,0,1,0,0,0,0,0,0,1,0,0,0,0,0,0
1517.tif,0,0,0,1,0,0,0,0,0,0,1,0,0,0,0,0,0
1518.tif,0,0,0,1,0,0,0,0,0,0,1,0,0,0,0,0,0
1519.tif,0,0,0,1,0,0,0,0,0,0,1,0,0,0,0,0,0
1520.tif,0,0,0,1,0,0,0,0,0,0,1,0,0,0,0,0,0
1521.tif,0,0,0,1,0,0,0,0,1,0,1,0,0,0,0,1,0
1522.tif,0,0,0,1,0,0,0,0,0,0,1,0,0,0,0,1,0
1523.tif,0,0,0,1,0,0,0,0,0,0,1,0,0,0,0,0,0
1524.tif,0,0,0,1,0,0,0,0,0,0,1,0,0,0,0,0,0
1525.tif,0,0,0,1,0,0,0,0,0,0,1,0,0,0,0,0,0
1526.tif,0,0,0,1,0,0,0,0,0,0,1,0,0,0,0,1,0
1527.tif,0,0,0,1,0,0,0,0,1,0,1,0,0,0,0,0,0
1528.tif,0,0,0,1,0,0,0,0,0,0,1,0,0,0,0,0,0
1529.tif,0,0,0,1,0,0,0,0,1,0,1,0,0,0,0,0,0
1530.tif,0,0,0,1,0,0,0,0,1,0,1,0,0,0,0,0,0
1531.tif,0,1,0,1,0,0,0,0,1,0,1,0,0,0,0,1,0
1532.tif,0,0,0,1,0,0,0,0,1,0,1,0,0,0,0,1,0
1533.tif,0,0,0,1,0,0,0,0,1,0,1,0,0,0,0,1,0
1534.tif,0,0,0,1,0,0,0,0,0,0,1,0,0,0,0,0,0
1535.tif,0,0,0,1,0,0,0,0,1,0,1,0,0,0,0,1,0
1536.tif,0,0,1,1,0,0,0,0,1,0,1,0,0,0,0,1,0
1537.tif,0,0,0,1,0,0,0,0,0,0,1,0,0,0,0,0,0
1538.tif,0,0,0,1,0,0,0,0,0,0,1,0,0,0,0,0,0
1539.tif,0,0,0,1,0,0,0,0,0,0,1,0,0,0,0,0,0
1540.tif,0,0,0,1,0,0,0,0,1,0,1,0,0,0,0,1,0
1541.tif,0,0,0,1,0,0,0,0,0,0,1,0,0,0,0,0,0
1542.tif,0,0,0,1,0,0,0,0,0,0,1,0,0,0,0,1,0
1543.tif,0,0,0,1,0,0,0,0,0,0,1,0,0,0,0,1,0
1544.tif,0,0,0,1,0,0,0,0,0,0,1,0,0,0,0,0,0
1545.tif,0,0,0,1,0,0,0,0,0,0,1,0,0,0,0,1,0
1546.tif,0,0,0,1,0,0,0,0,1,0,1,0,0,0,0,1,0
1547.tif,0,0,0,1,0,0,0,0,1,0,1,0,0,0,0,1,0
1548.tif,0,0,1,1,0,0,0,0,1,0,1,0,0,0,0,1,0
1549.tif,0,0,0,1,0,0,0,0,0,0,1,0,0,0,0,1,0
1550.tif,0,0,1,1,0,0,0,0,0,0,1,0,0,0,0,1,0
1551.tif,0,0,0,1,0,0,0,0,0,0,1,0,0,0,0,1,0
1552.tif,0,0,0,1,0,0,0,0,0,0,1,0,0,0,0,0,0
1553.tif,0,0,1,1,0,0,0,0,1,0,1,0,0,0,0,1,0
1554.tif,0,1,0,1,0,0,0,0,0,0,1,0,0,0,0,0,0
1555.tif,0,0,0,1,0,0,0,0,1,0,1,0,0,0,0,1,0
1556.tif,0,0,1,1,0,0,0,0,0,0,1,0,0,0,0,1,0
1557.tif,0,0,0,1,0,0,0,0,1,0,1,0,0,0,0,1,0
1558.tif,0,1,0,1,0,0,0,0,0,0,1,0,0,0,0,1,0
1559.tif,0,0,0,1,0,0,0,0,0,0,1,0,0,0,0,1,0
1560.tif,0,0,0,1,0,0,0,0,1,0,1,0,0,0,0,0,0
1561.tif,0,0,1,1,0,0,0,0,0,0,1,0,0,0,0,1,0
1562.tif,0,0,1,1,0,0,0,0,1,0,1,0,0,0,0,1,0
1563.tif,0,0,0,1,0,0,0,0,0,0,1,0,0,0,0,1,0
1564.tif,0,0,0,1,0,0,0,0,1,0,1,0,0,0,0,1,0
1565.tif,0,0,0,1,0,0,0,0,0,0,1,0,0,0,0,1,0
1566.tif,0,0,0,1,0,0,0,0,0,0,1,0,0,0,0,1,0
1567.tif,0,0,0,1,0,0,0,0,0,0,1,0,0,0,0,0,0
1568.tif,0,0,0,1,0,0,0,0,0,0,1,0,0,0,0,1,0
1569.tif,0,0,0,1,0,0,0,0,0,0,1,0,0,0,0,0,0
1570.tif,0,1,0,1,0,0,0,0,0,0,1,0,0,0,0,0,0
1571.tif,0,0,1,1,0,0,0,0,0,0,1,0,0,0,0,0,0
1572.tif,0,0,0,1,0,0,0,0,0,0,1,0,0,0,0,0,0
1573.tif,0,0,0,1,0,0,0,0,0,0,1,0,0,0,0,0,0
1574.tif,0,0,0,1,0,0,0,0,0,0,1,0,0,0,0,0,0
1575.tif,0,1,0,1,0,0,0,0,0,0,1,0,0,0,0,0,0
1576.tif,0,0,0,1,0,0,0,0,0,0,1,0,0,0,0,0,0
1577.tif,0,0,0,1,0,0,0,0,0,0,1,0,0,0,0,0,0
1578.tif,0,0,0,1,0,0,0,0,0,0,1,0,0,0,0,0,0
1579.tif,0,0,0,1,0,0,0,0,0,0,1,0,0,0,0,0,0
1580.tif,0,0,0,1,0,0,0,0,0,0,1,0,0,0,0,0,0
1581.tif,0,0,0,1,0,0,0,0,0,0,1,0,0,0,0,0,0
1582.tif,0,0,0,1,0,0,0,0,0,0,1,0,0,0,0,0,0
1583.tif,0,0,0,1,0,0,0,0,0,0,1,0,0,0,0,1,0
1584.tif,0,0,1,1,0,0,0,0,0,0,1,0,0,0,0,0,0
1585.tif,0,0,0,1,0,0,0,0,0,0,1,0,0,0,0,0,0
1586.tif,0,0,0,1,0,0,0,0,0,0,1,0,0,0,0,0,0
1587.tif,0,0,0,1,0,0,0,0,0,0,1,0,0,0,0,0,0
1588.tif,0,0,0,1,0,0,0,0,0,0,1,0,0,0,0,0,0
1589.tif,0,0,0,1,0,0,0,0,0,0,1,0,0,0,0,0,0
1590.tif,0,0,0,1,0,0,0,0,0,0,1,0,0,0,0,0,0
1591.tif,0,0,0,1,0,0,0,0,0,0,1,0,0,0,0,0,0
1592.tif,0,0,0,1,0,0,0,0,0,0,1,0,0,0,0,1,0
1593.tif,0,0,0,1,0,0,0,0,0,0,1,0,0,0,0,0,0
1594.tif,0,0,0,1,0,0,0,0,0,0,1,0,0,0,0,0,0
1595.tif,0,0,0,1,0,0,0,0,0,0,1,0,0,0,0,0,0
1596.tif,0,0,0,1,0,0,0,0,0,0,1,0,0,0,0,0,0
1597.tif,0,0,0,1,0,0,0,0,0,0,1,0,0,0,0,0,0
1598.tif,0,0,0,1,0,0,0,0,0,0,1,0,0,0,0,1,0
1599.tif,0,0,1,1,0,0,0,0,0,0,1,0,0,0,0,0,0
1600.tif,0,0,0,1,0,0,0,0,0,0,1,0,0,0,0,0,0
1601.tif,0,1,0,0,0,0,0,0,1,0,0,1,0,0,0,1,1
1602.tif,0,1,1,0,0,0,0,0,1,0,0,1,0,0,0,1,1
1603.tif,0,0,0,0,0,0,0,0,1,0,0,0,0,0,0,1,1
1604.tif,0,1,1,0,0,0,0,0,1,0,0,1,0,0,0,1,1
1605.tif,0,0,1,1,0,0,0,0,1,0,0,1,0,0,0,1,1
1606.tif,0,0,0,0,0,0,0,0,1,0,1,0,0,0,0,0,1
1607.tif,0,0,0,0,0,0,0,0,1,0,0,0,0,0,0,0,1
1608.tif,0,0,0,0,0,0,0,0,1,0,0,0,0,0,0,0,1
1609.tif,0,0,0,0,0,0,0,0,0,0,0,0,0,0,0,0,1
1610.tif,0,0,0,0,0,0,0,0,0,0,0,0,0,0,0,0,1
1611.tif,0,0,0,0,0,0,0,0,0,0,0,0,0,0,0,1,1
1612.tif,0,0,0,0,0,0,0,0,0,0,0,0,0,0,0,1,1
1613.tif,0,0,0,0,0,0,0,0,1,0,0,0,0,0,0,1,1
1614.tif,0,0,0,0,0,0,0,0,0,0,0,0,0,0,0,1,1
1615.tif,0,0,0,0,0,0,0,0,0,0,0,0,0,0,0,1,1
1616.tif,0,0,0,0,0,0,0,0,1,0,0,1,0,0,0,1,1
1617.tif,0,0,0,0,0,0,0,0,1,0,0,1,0,0,0,1,1
1618.tif,0,0,0,0,0,0,0,0,1,0,0,1,0,0,0,1,1
1619.tif,0,0,0,0,0,0,0,0,1,0,0,1,0,0,0,1,1
1620.tif,0,0,0,0,0,0,0,0,1,0,0,0,0,0,0,1,1
1621.tif,0,1,0,0,0,0,0,0,1,0,0,0,0,0,0,1,1
1622.tif,0,0,0,0,0,0,0,0,1,0,0,1,0,0,0,1,1
1623.tif,0,0,0,0,0,0,0,0,1,0,0,0,0,0,0,1,1
1624.tif,0,0,0,0,0,0,0,0,1,0,0,0,0,0,0,1,1
1625.tif,0,0,0,1,0,0,0,0,1,0,1,0,0,0,0,1,1
1626.tif,0,0,0,1,0,0,0,0,1,0,1,0,0,0,0,1,1
1627.tif,0,1,0,0,0,0,0,0,1,0,0,0,0,0,0,1,1
1628.tif,0,1,0,0,0,0,0,0,1,0,0,0,0,0,0,1,1
1629.tif,0,1,0,0,0,0,0,0,1,0,0,0,0,0,0,1,1
1630.tif,0,1,0,0,0,0,0,0,0,0,0,1,0,0,0,0,1
1631.tif,0,1,0,0,0,0,0,0,0,0,0,1,0,0,0,0,1
1632.tif,0,1,0,0,0,0,0,0,0,0,0,1,0,0,0,0,1
1633.tif,0,1,0,0,0,0,0,0,0,0,0,1,0,0,0,0,1
1634.tif,0,1,0,0,0,0,0,0,0,0,0,1,0,0,0,0,1
1635.tif,0,0,0,0,0,0,0,0,1,0,0,1,0,0,0,1,1
1636.tif,0,0,0,0,0,0,0,0,0,0,0,1,0,0,0,1,1
1637.tif,0,0,0,0,0,0,0,0,0,0,0,1,0,0,0,1,1
1638.tif,0,0,0,0,0,0,0,0,0,0,0,1,0,0,0,1,1
1639.tif,0,0,0,0,0,0,0,0,1,0,0,1,0,0,0,1,1
1640.tif,0,0,0,0,0,0,0,0,1,0,0,1,0,0,0,1,1
1641.tif,0,0,0,0,0,0,0,0,1,0,0,1,0,0,0,1,1
1642.tif,0,0,0,0,0,0,0,0,1,0,0,1,0,0,0,1,1
1643.tif,0,0,0,0,0,0,0,0,1,0,0,1,0,0,0,1,1
1644.tif,0,0,0,0,0,0,0,0,1,0,0,1,0,0,0,1,1
1645.tif,0,0,0,0,0,0,0,0,1,0,0,1,0,0,0,1,1
1646.tif,0,0,0,0,0,0,0,0,1,0,0,1,0,0,0,1,1
1647.tif,0,0,0,0,0,0,0,0,1,0,0,1,0,0,0,1,1
1648.tif,0,0,0,0,0,0,0,0,1,0,0,1,0,0,0,1,1
1649.tif,0,0,0,0,0,0,0,0,1,0,0,1,0,0,0,1,1
1650.tif,0,0,0,0,0,0,0,0,1,0,0,1,0,0,0,1,1
1651.tif,0,0,0,0,0,0,0,0,1,0,0,1,0,0,0,1,1
1652.tif,0,0,0,0,0,0,0,0,1,0,0,1,0,0,0,1,1
1653.tif,0,0,0,0,0,0,0,0,1,0,0,1,0,0,0,1,1
1654.tif,0,0,0,0,0,0,0,1,0,0,0,0,0,0,0,1,1
1655.tif,0,1,0,0,0,0,0,0,1,0,1,1,0,0,0,1,1
1656.tif,0,0,0,0,0,0,0,0,0,0,1,1,0,0,0,1,1
1657.tif,0,0,0,0,0,0,0,0,0,0,1,1,0,0,0,1,1
1658.tif,0,0,0,0,0,0,0,0,0,0,1,1,0,0,0,1,1
1659.tif,0,1,1,0,0,0,0,0,0,0,0,0,0,0,0,1,1
1660.tif,0,1,0,0,0,0,0,0,0,0,1,0,0,0,0,1,1
1661.tif,0,1,0,0,0,0,0,0,0,0,1,0,0,0,0,1,1
1662.tif,0,1,1,1,0,0,0,0,1,0,1,0,0,0,0,1,1
1663.tif,0,1,0,1,0,0,0,0,0,0,0,0,0,0,0,1,1
1664.tif,0,1,0,0,0,0,0,0,0,0,1,0,0,0,0,0,1
1665.tif,0,1,0,0,0,0,0,0,0,0,0,0,0,0,0,0,1
1666.tif,0,1,0,0,0,0,0,0,0,0,1,0,0,0,0,1,1
1667.tif,0,1,0,0,0,0,0,0,0,0,1,0,0,0,0,0,1
1668.tif,0,1,0,0,0,0,0,0,0,0,1,0,0,0,0,0,1
1669.tif,0,1,0,0,0,0,0,0,0,0,0,0,0,0,0,1,1
1670.tif,0,1,0,0,0,0,0,0,0,0,0,0,0,0,0,1,1
1671.tif,0,1,0,0,0,0,0,0,0,0,0,0,0,0,0,1,1
1672.tif,0,1,0,0,0,0,0,0,0,0,0,0,0,0,0,1,1
1673.tif,0,1,0,0,0,0,0,0,0,0,0,0,0,0,0,1,1
1674.tif,0,1,0,0,0,0,0,0,0,0,0,0,0,0,0,1,1
1675.tif,0,1,0,0,0,0,0,0,0,0,0,0,0,0,0,0,1
1676.tif,0,1,0,0,0,0,0,0,1,0,0,0,0,0,0,0,1
1677.tif,0,1,0,0,0,0,0,0,1,0,0,0,0,0,0,0,1
1678.tif,0,1,0,0,0,0,0,0,0,0,0,1,0,0,0,1,1
1679.tif,0,1,0,0,0,0,0,0,0,0,0,1,0,0,0,1,1
1680.tif,0,1,0,0,0,0,0,0,0,0,0,1,0,0,0,1,1
1681.tif,0,1,0,0,0,0,0,0,0,0,0,1,0,0,0,1,1
1682.tif,0,1,0,0,0,0,0,0,0,0,0,1,0,0,0,1,1
1683.tif,0,0,0,0,0,0,0,0,0,0,0,1,0,0,0,1,1
1684.tif,0,1,0,0,0,0,0,0,1,0,0,0,0,0,0,0,1
1685.tif,0,0,0,0,0,0,0,0,1,0,0,0,0,0,0,1,1
1686.tif,0,0,0,0,0,0,0,0,1,0,0,0,0,0,0,1,1
1687.tif,0,0,0,0,0,0,0,0,1,0,0,0,0,0,0,1,1
1688.tif,0,0,0,0,0,0,0,0,1,0,0,0,0,0,0,1,1
1689.tif,0,1,0,0,0,0,0,0,1,0,0,0,0,0,0,0,1
1690.tif,0,1,0,0,0,0,0,0,1,0,0,0,0,0,0,0,1
1691.tif,0,1,0,0,0,0,0,0,1,0,0,0,0,0,0,1,1
1692.tif,0,1,0,0,0,0,0,0,1,0,0,0,0,0,0,1,1
1693.tif,0,0,0,0,0,0,0,0,1,0,0,0,0,0,0,1,1
1694.tif,0,1,0,0,0,0,0,0,1,0,0,0,0,0,0,0,1
1695.tif,0,0,0,0,0,0,0,0,1,0,0,0,0,0,0,0,1
1696.tif,0,1,0,0,0,0,0,0,1,0,0,0,0,0,0,0,1
1697.tif,0,0,0,0,0,0,0,0,1,0,0,0,0,1,0,1,1
1698.tif,0,1,0,0,0,0,0,0,1,0,0,0,0,1,0,1,1
1699.tif,0,1,0,0,0,0,0,0,1,0,0,0,0,0,0,1,1
1700.tif,0,1,0,0,0,0,0,0,1,0,0,0,0,0,0,1,1
1701.tif,0,0,0,0,0,0,0,0,1,0,1,0,0,0,0,0,0
1702.tif,0,0,0,0,0,0,0,0,1,0,1,0,0,0,0,0,0
1703.tif,0,0,0,0,0,0,0,0,0,0,1,0,0,0,0,0,0
1704.tif,0,0,0,0,0,0,0,0,1,0,1,0,0,0,0,0,0
1705.tif,0,0,0,0,0,0,0,0,1,0,1,0,0,0,0,0,0
1706.tif,0,0,0,0,0,0,0,0,0,0,1,0,0,0,0,0,0
1707.tif,0,0,0,0,0,0,0,0,1,0,1,0,0,0,0,0,0
1708.tif,0,0,0,0,0,0,0,0,0,0,1,0,0,0,0,0,0
1709.tif,0,0,0,0,0,0,0,0,1,0,1,0,0,0,0,0,0
1710.tif,0,0,0,0,0,0,0,0,1,0,1,0,0,0,0,0,0
1711.tif,0,0,0,0,0,0,0,0,1,0,1,0,0,0,0,0,0
1712.tif,0,0,0,0,0,0,0,0,1,0,1,0,0,0,0,0,0
1713.tif,0,0,0,0,0,0,0,0,1,0,1,0,0,0,0,0,0
1714.tif,0,0,0,0,0,0,0,0,1,0,1,0,0,0,0,0,0
1715.tif,0,0,0,0,0,0,0,0,1,0,1,0,0,0,0,0,0
1716.tif,0,0,0,0,0,0,0,0,1,0,1,0,0,0,0,0,0
1717.tif,0,0,0,0,0,0,0,0,1,0,1,0,0,0,0,0,0
1718.tif,0,0,0,0,0,0,0,0,1,0,1,0,0,0,0,0,0
1719.tif,0,0,0,0,0,0,0,0,1,0,1,0,0,0,0,0,0
1720.tif,0,0,0,0,0,0,0,0,1,0,1,0,0,0,0,0,0
1721.tif,0,0,0,0,0,0,0,0,1,0,1,0,0,0,0,0,0
1722.tif,0,0,0,0,0,0,0,0,1,0,1,0,0,0,0,0,0
1723.tif,0,0,0,0,0,0,0,0,1,0,1,0,0,0,0,0,0
1724.tif,0,0,0,0,0,0,0,0,1,0,1,0,0,0,0,0,0
1725.tif,0,0,0,0,0,0,0,0,1,0,1,0,0,0,0,0,0
1726.tif,0,0,0,0,0,0,0,0,1,0,1,0,0,0,0,0,0
1727.tif,0,0,0,0,0,0,0,0,1,0,1,0,0,0,0,0,0
1728.tif,0,0,0,0,0,0,0,0,1,0,1,0,0,0,0,0,0
1729.tif,0,0,0,0,0,0,0,0,1,0,1,0,0,0,0,0,0
1730.tif,0,0,0,0,0,0,0,0,1,0,1,0,0,0,0,0,0
1731.tif,0,0,0,0,0,0,0,0,1,0,1,0,0,0,0,0,0
1732.tif,0,0,0,0,0,0,0,0,1,0,1,0,0,0,0,0,0
1733.tif,0,0,0,0,0,0,0,0,1,0,1,0,0,0,0,0,0
1734.tif,0,0,0,0,0,0,0,0,1,0,1,0,0,0,0,0,0
1735.tif,0,0,0,0,0,0,0,0,1,0,1,0,0,0,0,0,0
1736.tif,0,0,0,0,0,0,0,0,1,0,1,0,0,0,0,0,0
1737.tif,0,0,0,0,0,0,0,0,1,0,1,0,0,0,0,0,0
1738.tif,0,0,0,0,0,0,0,0,1,0,1,0,0,0,0,0,0
1739.tif,0,0,0,0,0,0,0,0,1,0,1,0,0,0,0,0,0
1740.tif,0,0,0,0,0,0,0,0,1,0,1,0,0,0,0,0,0
1741.tif,0,0,0,0,0,0,0,0,1,0,1,0,0,0,0,0,0
1742.tif,0,0,0,0,0,0,0,0,1,0,1,0,0,0,0,0,0
1743.tif,0,0,0,0,0,0,0,0,1,0,1,0,0,0,0,0,0
1744.tif,0,0,0,0,0,0,0,0,1,0,1,0,0,0,0,0,0
1745.tif,0,0,0,0,0,0,0,0,1,0,1,0,0,0,0,0,0
1746.tif,0,0,0,0,0,0,0,0,1,0,1,0,0,0,0,0,0
1747.tif,0,0,0,0,0,0,0,0,1,0,1,0,0,0,0,0,0
1748.tif,0,0,0,0,0,0,0,0,1,0,1,0,0,0,0,0,0
1749.tif,0,0,0,0,0,0,0,0,1,0,1,0,0,0,0,0,0
1750.tif,0,0,0,0,0,0,0,0,1,0,1,0,0,0,0,0,0
1751.tif,0,0,0,0,0,0,0,0,1,0,1,0,0,0,0,0,0
1752.tif,0,0,0,0,0,0,0,0,0,0,1,1,0,0,0,0,0
1753.tif,0,0,0,0,0,0,0,0,0,0,1,1,0,0,0,0,0
1754.tif,0,0,0,0,0,0,0,0,0,0,1,1,0,0,0,0,0
1755.tif,0,0,0,0,0,0,0,0,0,0,1,1,0,0,0,0,0
1756.tif,0,0,0,0,0,0,0,0,0,0,1,1,0,0,0,0,0
1757.tif,0,0,0,0,0,0,0,0,0,0,1,1,0,0,0,0,0
1758.tif,0,0,0,0,0,0,0,0,0,0,1,1,0,0,0,0,0
1759.tif,0,0,0,0,0,0,0,0,0,0,1,1,0,0,0,0,0
1760.tif,0,0,0,0,0,0,0,0,0,0,1,1,0,0,0,0,0
1761.tif,0,0,0,0,0,0,0,0,0,0,1,0,0,0,0,0,0
1762.tif,0,0,0,0,0,0,0,0,0,0,1,1,0,0,0,0,0
1763.tif,0,0,0,0,0,0,0,0,0,0,1,0,0,0,0,0,0
1764.tif,0,0,0,0,0,0,0,0,0,0,1,0,0,0,0,0,0
1765.tif,0,0,0,0,0,0,0,0,0,0,1,0,0,0,0,0,0
1766.tif,0,0,0,0,0,0,0,0,0,0,1,1,0,0,0,0,0
1767.tif,0,0,0,0,0,0,0,0,0,0,1,1,0,0,0,0,0
1768.tif,0,0,0,0,0,0,0,0,0,0,1,1,0,0,0,0,0
1769.tif,0,0,0,0,0,0,0,0,0,0,1,1,0,0,0,0,0
1770.tif,0,0,0,0,0,0,0,0,0,0,1,1,0,0,0,0,0
1771.tif,0,0,0,0,0,0,0,0,0,0,1,1,0,0,0,0,0
1772.tif,0,0,0,0,0,0,0,0,0,0,1,0,0,0,0,0,0
1773.tif,0,0,0,0,0,0,0,0,0,0,1,1,0,0,0,0,0
1774.tif,0,0,0,0,0,0,0,0,0,0,1,1,0,0,0,0,0
1775.tif,0,0,0,0,0,0,0,0,0,0,1,1,0,0,0,0,0
1776.tif,0,0,0,0,0,0,0,0,0,0,1,1,0,0,0,0,0
1777.tif,0,0,0,0,0,0,0,0,0,0,1,1,0,0,0,0,0
1778.tif,0,0,0,0,0,0,0,0,0,0,1,1,0,0,0,0,0
1779.tif,0,0,0,0,0,0,0,0,0,0,1,0,0,0,0,0,0
1780.tif,0,0,0,0,0,0,0,0,0,0,1,1,0,0,0,0,0
1781.tif,0,0,0,0,0,0,0,0,0,0,1,1,0,0,0,0,0
1782.tif,0,0,0,0,0,0,0,0,0,0,1,1,0,0,0,0,0
1783.tif,0,0,0,0,0,0,0,0,0,0,1,1,0,0,0,0,0
1784.tif,0,0,0,0,0,0,0,0,0,0,1,1,0,0,0,0,0
1785.tif,0,0,0,0,0,0,0,0,0,0,1,1,0,0,0,0,0
1786.tif,0,0,0,0,0,0,0,0,0,0,1,1,0,0,0,0,0
1787.tif,0,0,0,0,0,0,0,0,0,0,1,1,0,0,0,0,0
1788.tif,0,0,0,0,0,0,0,0,0,0,1,1,0,0,0,0,0
1789.tif,0,0,0,0,0,0,0,0,0,0,1,1,0,0,0,0,0
1790.tif,0,0,0,0,0,0,0,0,0,0,1,1,0,0,0,0,0
1791.tif,0,0,0,0,0,0,0,0,0,0,1,0,0,0,0,0,0
1792.tif,0,0,0,0,0,0,0,0,0,0,1,1,0,0,0,0,0
1793.tif,0,0,0,0,0,0,0,0,1,0,1,0,0,0,0,0,0
1794.tif,0,0,0,0,0,0,0,0,1,0,1,0,0,0,0,0,0
1795.tif,0,0,0,0,0,0,0,0,1,0,1,0,0,0,0,0,0
1796.tif,0,0,0,0,0,0,0,0,1,0,1,0,0,0,0,0,0
1797.tif,0,0,0,0,0,0,0,0,1,0,1,0,0,0,0,0,0
1798.tif,0,0,0,0,0,0,0,0,0,0,1,0,0,0,0,0,0
1799.tif,0,0,0,0,0,0,0,0,0,0,1,0,0,0,0,0,0
1800.tif,0,1,0,0,0,0,0,0,0,0,1,0,0,0,0,0,0
1801.tif,0,0,1,1,0,0,0,0,1,0,1,0,0,0,0,1,0
1802.tif,0,1,1,0,0,0,0,0,1,0,1,0,0,0,0,1,0
1803.tif,0,1,1,0,0,0,0,0,1,0,1,0,0,0,0,1,0
1804.tif,0,1,1,0,0,0,0,0,1,0,0,0,0,0,0,1,0
1805.tif,0,1,1,1,0,0,0,0,1,0,0,0,0,0,0,1,0
1806.tif,0,1,1,0,0,0,0,0,1,0,1,0,0,0,0,1,0
1807.tif,0,1,1,0,0,0,0,0,1,0,1,0,0,0,0,1,0
1808.tif,0,1,1,1,0,0,0,0,1,0,1,0,0,0,0,1,0
1809.tif,0,1,1,1,0,0,0,0,0,0,1,0,0,0,0,1,0
1810.tif,0,1,1,1,0,0,0,0,1,0,1,0,0,0,0,1,0
1811.tif,0,1,1,0,0,0,0,0,1,0,1,0,0,0,0,1,0
1812.tif,0,0,1,0,0,1,0,0,1,0,1,0,0,0,0,1,0
1813.tif,0,1,1,1,1,0,0,0,0,0,0,1,0,0,0,1,0
1814.tif,0,0,1,1,1,0,0,0,0,0,1,1,0,0,0,1,0
1815.tif,0,0,1,1,1,0,0,0,0,0,0,1,0,0,0,1,0
1816.tif,0,0,1,1,1,0,0,0,0,0,1,1,0,0,0,0,0
1817.tif,0,0,1,0,0,0,0,0,1,0,1,0,0,0,0,1,0
1818.tif,0,1,1,0,0,0,0,0,1,0,1,0,0,0,0,1,0
1819.tif,0,0,1,1,0,0,0,0,1,0,1,0,0,0,0,1,0
1820.tif,0,1,1,0,0,0,0,0,1,0,1,0,0,0,0,1,0
1821.tif,0,1,1,1,0,0,0,0,1,0,1,0,0,0,0,0,0
1822.tif,0,1,1,1,0,0,0,0,1,0,1,0,0,0,0,0,0
1823.tif,0,1,1,0,0,0,0,0,1,0,1,0,0,0,0,0,0
1824.tif,0,1,1,1,0,0,0,0,1,0,1,0,0,0,0,0,0
1825.tif,0,1,1,1,0,0,0,0,1,0,1,0,0,0,0,0,0
1826.tif,0,1,1,1,0,0,0,0,1,0,1,0,0,0,0,1,0
1827.tif,0,0,1,1,0,0,0,0,1,0,1,0,0,0,0,1,0
1828.tif,0,0,1,1,0,0,0,0,1,0,1,0,0,0,0,1,0
1829.tif,0,0,1,1,0,0,0,0,1,0,1,0,0,0,0,1,0
1830.tif,0,1,1,0,0,0,0,0,1,0,1,0,0,0,0,1,0
1831.tif,0,1,1,1,0,0,0,0,1,0,1,0,0,0,0,0,0
1832.tif,0,1,1,1,0,0,0,0,0,0,1,0,0,0,0,0,0
1833.tif,0,1,1,0,0,0,0,0,1,0,1,0,0,0,0,1,0
1834.tif,0,1,1,0,0,0,0,0,1,0,1,0,0,0,0,1,0
1835.tif,0,1,1,1,0,0,0,0,1,0,1,0,0,0,0,0,0
1836.tif,0,1,1,0,0,0,0,0,1,0,1,0,0,0,0,1,0
1837.tif,0,1,1,0,0,0,0,0,1,0,1,0,0,0,0,0,0
1838.tif,0,1,1,1,0,0,0,0,1,0,1,0,0,0,0,1,0
1839.tif,0,1,1,1,0,0,0,0,1,0,1,0,0,0,0,1,0
1840.tif,0,1,1,1,0,0,0,0,1,0,1,0,0,0,0,1,0
1841.tif,0,1,1,0,0,0,0,0,1,0,1,0,0,0,0,0,0
1842.tif,0,1,1,0,0,0,0,0,1,0,0,0,0,0,0,1,0
1843.tif,0,1,1,1,0,0,0,0,1,0,1,0,0,0,0,1,0
1844.tif,0,1,1,1,0,0,0,0,1,0,1,0,0,0,0,1,0
1845.tif,0,1,1,1,0,0,0,0,1,0,1,0,0,0,0,1,0
1846.tif,0,0,1,0,0,0,0,0,1,0,1,0,0,0,0,0,0
1847.tif,0,1,1,0,0,0,0,0,1,0,1,0,0,0,0,1,0
1848.tif,0,0,1,1,0,0,0,0,1,0,1,0,0,0,0,1,0
1849.tif,0,1,1,0,0,0,0,0,1,0,1,0,0,0,0,0,0
1850.tif,0,1,1,0,0,0,0,0,1,0,1,0,0,0,0,1,0
1851.tif,0,1,1,0,0,0,0,0,1,0,1,0,0,0,0,1,0
1852.tif,0,1,1,0,0,0,0,0,1,0,1,0,0,0,0,1,0
1853.tif,0,1,1,0,0,0,0,0,1,0,1,0,0,0,0,0,0
1854.tif,0,1,1,0,0,0,0,0,1,0,1,0,0,0,0,0,0
1855.tif,0,1,1,0,0,0,0,0,1,0,1,0,0,0,0,0,0
1856.tif,0,1,1,0,0,0,0,0,1,0,1,0,0,0,0,0,0
1857.tif,0,1,1,1,0,0,0,0,1,0,1,0,0,0,0,0,0
1858.tif,0,1,1,0,0,0,0,0,1,0,1,0,0,0,0,0,0
1859.tif,0,0,1,0,0,0,0,0,1,0,1,0,0,0,0,0,0
1860.tif,0,1,1,0,0,0,0,0,1,0,1,0,0,0,0,1,0
1861.tif,0,0,1,0,0,1,0,0,1,0,1,0,0,0,0,0,0
1862.tif,0,0,1,0,0,0,0,0,1,0,0,0,0,0,0,1,0
1863.tif,0,0,1,0,0,0,0,0,1,0,1,0,0,0,0,1,0
1864.tif,0,0,1,0,0,0,0,0,1,0,1,0,0,0,0,1,0
1865.tif,0,0,1,0,0,0,0,0,1,0,1,0,0,0,0,1,0
1866.tif,0,0,1,0,0,0,0,0,1,0,1,0,0,0,0,1,0
1867.tif,0,0,1,0,0,0,0,0,1,0,1,0,0,0,0,1,0
1868.tif,0,0,1,0,0,0,0,0,1,0,1,0,0,0,0,1,0
1869.tif,0,0,1,0,0,0,0,0,1,0,1,0,0,0,0,1,0
1870.tif,0,1,1,1,0,0,0,0,1,0,0,0,0,0,0,1,0
1871.tif,0,1,1,0,0,0,0,0,1,0,1,0,0,0,0,1,0
1872.tif,0,0,1,0,0,0,0,0,1,0,1,0,0,0,0,1,0
1873.tif,0,1,1,0,0,1,0,0,1,0,1,0,0,0,0,1,0
1874.tif,0,1,1,0,0,0,0,0,1,0,1,0,0,0,0,1,0
1875.tif,0,0,1,1,0,0,0,0,1,0,1,0,0,0,0,1,0
1876.tif,0,0,1,1,0,0,0,0,1,0,1,0,0,0,0,1,0
1877.tif,0,0,1,1,0,0,0,0,1,0,1,0,0,0,0,1,0
1878.tif,0,0,1,0,0,0,0,0,1,0,1,0,0,0,0,1,0
1879.tif,0,0,1,0,0,0,0,0,1,0,1,0,0,0,0,1,0
1880.tif,0,0,1,0,0,0,0,1,1,0,0,0,0,0,0,1,0
1881.tif,0,0,1,0,0,0,0,0,1,0,1,0,0,0,0,1,0
1882.tif,0,0,1,0,0,0,0,1,1,0,1,0,0,0,0,1,0
1883.tif,0,1,1,1,0,0,0,1,0,0,1,0,0,0,0,1,0
1884.tif,0,1,1,0,0,0,0,1,1,0,1,0,0,0,0,1,0
1885.tif,0,0,1,0,0,0,0,1,1,0,1,0,0,0,0,1,0
1886.tif,0,0,1,1,1,0,0,0,0,0,1,1,0,0,0,1,0
1887.tif,0,0,1,0,1,0,0,0,0,0,1,1,0,0,0,1,0
1888.tif,0,0,1,1,1,0,0,0,0,0,1,1,0,0,0,1,0
1889.tif,0,0,1,1,1,0,0,0,0,0,1,1,0,0,0,1,0
1890.tif,0,0,1,0,1,0,0,0,0,0,1,1,0,0,0,1,0
1891.tif,0,0,1,1,1,0,0,0,0,0,1,1,0,0,0,1,0
1892.tif,0,0,1,0,1,0,0,0,0,0,1,1,0,0,0,1,0
1893.tif,0,0,1,1,1,0,0,0,0,0,0,1,0,0,0,1,0
1894.tif,0,0,1,1,1,0,0,0,0,0,1,1,0,0,0,0,0
1895.tif,0,0,1,0,1,0,0,0,0,0,0,1,0,0,0,0,0
1896.tif,0,0,1,0,0,0,0,0,1,0,1,0,0,0,0,1,0
1897.tif,0,0,1,0,0,0,0,0,1,0,1,0,0,0,0,1,0
1898.tif,0,0,1,1,0,0,0,0,1,0,0,0,0,0,0,1,0
1899.tif,0,0,1,1,0,0,0,0,1,0,0,0,0,0,0,1,0
1900.tif,0,0,1,0,0,0,0,0,1,0,0,0,0,0,0,1,0
1901.tif,0,0,1,0,0,0,0,0,1,0,1,0,0,0,1,1,0
1902.tif,0,1,0,0,0,0,0,0,0,0,0,1,0,0,1,0,0
1903.tif,0,0,0,0,0,0,0,0,0,0,0,1,0,0,1,0,0
1904.tif,0,0,1,0,0,0,0,0,1,0,1,0,0,0,1,0,0
1905.tif,0,0,1,1,0,0,0,0,1,0,1,0,0,0,1,0,0
1906.tif,0,0,1,0,0,0,0,0,1,0,0,0,0,0,1,0,0
1907.tif,0,1,0,1,0,0,0,0,1,0,1,0,0,0,1,1,0
1908.tif,0,1,0,1,0,0,0,0,1,0,1,0,0,0,1,1,0
1909.tif,0,0,1,0,0,0,0,0,0,0,1,0,0,0,1,0,0
1910.tif,0,1,1,0,0,0,0,0,1,0,1,0,0,0,1,0,0
1911.tif,0,1,1,0,0,0,0,0,1,0,1,0,0,0,1,0,0
1912.tif,0,1,0,0,0,0,0,0,1,0,1,0,0,0,1,0,0
1913.tif,0,0,1,0,0,0,0,0,0,0,1,0,0,0,1,0,0
1914.tif,0,0,1,1,0,0,0,0,1,0,1,0,0,0,1,0,0
1915.tif,0,1,0,1,0,0,0,0,1,0,1,0,0,0,1,0,0
1916.tif,0,1,0,1,0,0,0,0,1,0,1,0,0,0,1,0,0
1917.tif,0,1,1,0,0,0,0,0,1,0,1,0,0,0,1,0,0
1918.tif,0,0,1,1,0,0,0,0,1,0,1,0,0,0,1,1,0
1919.tif,0,1,1,1,0,0,0,0,1,0,1,0,0,0,1,0,0
1920.tif,0,0,1,1,0,0,0,0,1,0,1,0,0,0,1,0,0
1921.tif,0,1,1,1,0,0,0,0,0,0,1,0,0,0,1,0,0
1922.tif,0,1,0,0,0,0,0,0,0,0,1,0,0,0,1,1,0
1923.tif,0,0,1,0,0,0,0,0,0,0,1,0,0,0,1,1,0
1924.tif,0,1,1,0,0,0,0,0,0,0,1,0,0,0,1,0,0
1925.tif,0,0,0,0,0,0,0,0,0,0,0,1,0,0,1,1,0
1926.tif,0,1,0,0,0,0,0,0,1,0,0,0,0,0,1,0,0
1927.tif,0,1,1,0,0,0,0,0,1,0,1,0,0,0,1,0,0
1928.tif,0,1,1,0,0,0,0,0,0,0,1,0,0,0,1,0,0
1929.tif,0,1,1,1,0,0,0,0,0,0,1,0,0,0,1,0,0
1930.tif,0,1,0,0,0,0,0,0,0,0,1,0,0,0,1,0,0
1931.tif,0,1,1,1,0,0,0,0,0,0,1,0,0,0,1,0,0
1932.tif,0,1,0,0,0,0,0,0,0,0,1,0,0,0,1,0,0
1933.tif,0,1,0,0,0,0,0,0,0,0,1,0,0,0,1,0,0
1934.tif,0,1,1,0,0,0,0,0,0,0,1,0,0,0,1,0,0
1935.tif,0,1,0,1,0,0,0,0,0,0,1,0,0,0,1,1,0
1936.tif,0,1,1,0,0,0,0,0,0,0,1,0,0,0,1,0,0
1937.tif,0,1,0,0,0,0,0,0,0,0,1,0,0,0,1,0,0
1938.tif,0,1,0,0,0,0,0,0,0,0,1,0,0,0,1,0,0
1939.tif,0,1,0,0,0,0,0,0,0,0,1,0,0,0,1,0,0
1940.tif,0,1,0,0,0,0,0,0,0,0,1,0,0,0,1,0,0
1941.tif,0,0,1,0,0,0,0,0,0,0,1,0,0,0,1,0,0
1942.tif,0,0,1,0,0,0,0,0,0,0,1,0,0,0,1,0,0
1943.tif,0,1,0,0,0,0,0,0,0,0,1,0,0,0,1,0,0
1944.tif,0,1,1,0,0,0,0,0,0,0,1,1,0,0,1,0,0
1945.tif,0,1,1,1,0,0,0,0,0,0,1,0,0,0,1,0,0
1946.tif,0,1,0,0,0,0,0,0,0,0,1,0,0,0,1,0,0
1947.tif,0,1,1,0,0,0,0,0,1,0,1,0,0,0,1,0,0
1948.tif,0,1,0,0,0,0,0,0,0,0,1,0,0,0,1,1,0
1949.tif,0,1,1,0,0,0,0,0,1,0,1,0,0,0,1,0,0
1950.tif,0,1,1,1,0,0,0,0,1,0,1,0,0,0,1,0,0
1951.tif,0,1,1,1,0,0,0,0,1,0,1,0,0,0,1,0,0
1952.tif,0,1,0,0,0,0,0,0,1,0,1,0,0,0,1,0,0
1953.tif,0,1,1,0,0,0,0,0,1,0,1,0,0,0,1,0,0
1954.tif,0,1,1,0,0,0,0,0,0,0,1,0,0,0,1,0,0
1955.tif,0,1,0,1,0,0,0,0,0,0,1,0,0,0,1,1,0
1956.tif,0,1,1,0,0,0,0,0,1,0,1,0,0,0,1,0,0
1957.tif,0,1,1,0,0,0,0,0,1,0,1,0,0,0,1,0,0
1958.tif,0,1,1,1,0,0,0,0,1,0,1,0,0,0,1,1,0
1959.tif,0,1,1,1,0,0,0,0,1,0,1,0,0,0,1,0,0
1960.tif,0,1,1,0,0,0,0,0,1,0,1,0,0,0,1,0,0
1961.tif,0,1,0,0,0,0,0,0,1,0,1,0,0,0,1,0,0
1962.tif,0,1,1,0,0,0,0,0,0,0,1,0,0,0,1,0,0
1963.tif,0,1,1,0,0,0,0,0,0,0,1,0,0,0,1,0,0
1964.tif,0,0,0,1,0,0,0,0,1,0,1,0,0,0,1,0,0
1965.tif,0,1,1,1,0,0,0,0,0,0,1,0,0,0,1,0,0
1966.tif,0,1,1,0,0,0,0,0,1,0,1,0,0,0,1,1,0
1967.tif,0,1,1,1,0,0,0,0,1,0,1,0,0,0,1,1,0
1968.tif,0,1,0,0,0,0,0,0,1,0,1,0,0,0,1,0,0
1969.tif,0,1,1,0,0,0,0,0,1,0,1,0,0,0,1,1,0
1970.tif,0,1,1,1,0,0,0,0,1,0,1,0,0,0,1,1,0
1971.tif,0,1,1,1,0,0,0,0,1,0,1,0,0,0,1,0,0
1972.tif,0,1,0,0,0,0,0,0,0,0,0,0,0,0,1,1,0
1973.tif,0,1,1,0,0,0,0,0,0,0,0,1,0,0,1,1,0
1974.tif,0,0,0,0,0,0,0,0,1,0,1,1,0,0,1,0,0
1975.tif,0,0,0,0,0,0,0,0,0,0,1,1,0,0,1,0,0
1976.tif,0,0,1,1,0,0,0,0,0,0,1,1,0,0,1,0,0
1977.tif,0,0,0,0,0,0,0,0,0,0,1,1,0,0,1,1,0
1978.tif,0,0,1,0,0,0,0,0,0,0,1,1,0,0,1,1,0
1979.tif,0,0,0,0,0,0,0,0,0,0,1,1,0,0,1,0,0
1980.tif,0,0,0,1,0,0,0,0,0,0,1,1,0,0,1,0,0
1981.tif,0,0,0,0,0,0,0,0,0,0,1,1,0,0,1,1,0
1982.tif,0,0,0,0,0,0,0,0,0,0,1,1,0,0,1,1,0
1983.tif,0,1,1,1,0,0,0,0,0,0,1,1,0,0,1,1,0
1984.tif,0,1,0,1,0,0,0,0,0,0,1,0,0,0,1,1,0
1985.tif,0,0,0,0,0,0,0,0,0,0,1,1,0,0,1,0,0
1986.tif,0,1,0,0,0,0,0,0,0,0,0,1,0,0,1,0,0
1987.tif,0,0,0,0,0,0,0,0,0,0,1,0,0,0,1,0,0
1988.tif,0,1,0,0,0,0,0,0,0,0,1,0,0,0,1,0,0
1989.tif,0,1,1,1,0,0,0,0,0,0,1,0,0,0,1,1,0
1990.tif,0,0,0,0,0,0,0,0,0,0,1,1,0,0,1,1,0
1991.tif,0,0,1,1,0,0,0,0,0,0,1,1,0,0,1,0,0
1992.tif,0,0,1,0,0,0,0,0,0,0,1,1,0,0,1,1,0
1993.tif,0,0,1,0,0,0,0,0,0,0,1,1,0,0,1,1,1
1994.tif,0,1,1,0,0,0,0,0,0,0,1,0,0,0,1,1,1
1995.tif,0,0,1,0,0,0,0,0,0,0,1,1,0,0,1,1,0
1996.tif,0,0,1,1,0,0,0,0,0,0,1,1,0,0,1,1,0
1997.tif,0,0,0,0,0,0,0,0,0,0,1,1,0,0,1,1,0
1998.tif,0,0,1,0,0,0,0,0,0,0,1,1,0,0,1,1,0
1999.tif,0,0,1,0,0,0,0,0,0,0,0,1,0,0,1,1,0
2000.tif,0,0,1,0,0,0,0,0,0,0,1,1,0,0,1,1,0
2001.tif,0,0,0,0,0,1,0,0,1,0,1,0,0,0,0,1,0
2002.tif,0,0,1,1,0,1,0,0,0,0,1,0,0,0,0,0,0
2003.tif,0,1,1,1,0,1,0,0,1,0,0,0,0,0,0,1,0
2004.tif,0,1,1,0,0,1,0,0,1,0,1,0,0,0,0,1,0
2005.tif,0,0,1,1,0,1,0,0,1,0,1,0,0,0,0,1,0
2006.tif,0,1,1,0,0,1,0,0,1,0,0,0,0,0,0,1,0
2007.tif,0,0,0,1,0,1,0,0,1,0,1,0,0,0,0,1,0
2008.tif,0,0,1,0,0,1,0,0,1,0,1,0,0,0,0,0,0
2009.tif,0,1,1,0,0,1,0,0,1,0,0,0,0,0,0,1,0
2010.tif,0,0,0,0,0,1,0,0,1,0,0,0,0,0,0,1,0
2011.tif,0,0,1,0,0,1,0,0,0,0,1,0,0,0,0,0,0
2012.tif,0,1,0,0,0,1,0,0,1,0,0,0,0,0,0,1,0
2013.tif,0,1,1,0,0,1,0,0,1,0,1,0,0,0,0,0,0
2014.tif,0,1,0,0,0,1,0,0,1,0,0,0,0,0,0,0,0
2015.tif,0,0,1,0,0,1,0,0,1,0,1,0,0,0,0,1,0
2016.tif,0,0,1,1,0,1,0,0,1,0,1,0,0,0,0,1,0
2017.tif,0,0,1,0,0,1,0,0,1,0,1,0,0,0,0,1,0
2018.tif,0,0,1,1,0,1,0,0,1,0,1,0,0,0,0,1,0
2019.tif,0,1,0,0,0,1,0,0,1,0,0,0,0,0,0,1,0
2020.tif,0,1,0,1,0,1,0,0,1,0,0,0,0,0,0,1,0
2021.tif,0,0,0,0,0,1,0,0,1,0,0,0,0,0,0,1,0
2022.tif,0,0,1,1,0,1,0,0,1,0,0,0,0,0,0,1,0
2023.tif,0,0,1,0,0,1,0,0,1,0,0,0,0,0,0,1,0
2024.tif,0,0,0,0,0,1,0,0,1,0,0,0,0,0,0,0,0
2025.tif,0,1,0,0,0,1,0,0,1,0,0,0,0,0,0,1,0
2026.tif,0,0,0,0,0,1,0,0,1,0,0,0,0,0,0,1,0
2027.tif,0,0,0,0,0,1,0,0,1,0,0,0,0,0,0,1,0
2028.tif,0,1,0,0,0,1,0,0,1,0,0,0,0,0,0,1,0
2029.tif,0,0,1,0,0,1,0,0,1,0,1,0,0,0,0,1,0
2030.tif,0,0,1,1,0,1,0,0,1,0,1,0,0,0,0,1,0
2031.tif,0,0,0,0,0,1,0,0,1,0,0,0,0,0,0,1,0
2032.tif,0,0,1,0,0,1,0,0,0,0,1,0,0,0,0,0,0
2033.tif,0,1,0,1,0,1,0,0,1,0,1,0,0,0,0,1,0
2034.tif,0,0,0,0,0,1,0,0,1,0,0,0,0,0,0,1,0
2035.tif,0,0,0,0,0,1,0,0,1,0,0,1,0,0,0,1,0
2036.tif,0,0,1,1,0,1,0,0,1,0,1,0,0,0,0,1,0
2037.tif,0,1,1,1,0,1,0,0,1,0,1,0,0,0,0,1,0
2038.tif,0,1,0,1,0,1,0,0,0,0,1,0,0,0,0,1,0
2039.tif,0,1,0,0,0,1,0,0,1,0,1,0,0,0,0,1,0
2040.tif,0,0,0,1,0,1,0,0,0,0,1,0,0,0,0,1,0
2041.tif,0,0,1,1,0,1,0,0,1,0,1,0,0,0,0,1,0
2042.tif,0,0,1,0,0,1,0,0,1,0,1,0,0,0,0,1,0
2043.tif,0,1,1,1,0,1,0,0,0,0,1,0,0,0,0,1,0
2044.tif,0,1,1,0,0,1,0,0,1,0,1,0,0,0,0,1,0
2045.tif,0,1,0,1,0,1,0,0,0,0,1,0,0,0,0,1,0
2046.tif,0,0,1,0,0,1,0,0,0,0,0,0,0,0,0,1,0
2047.tif,0,0,1,0,0,1,0,0,1,0,1,0,0,0,0,1,0
2048.tif,0,0,1,0,0,1,0,0,1,0,1,1,0,0,0,1,0
2049.tif,0,0,1,1,0,1,0,0,1,0,1,0,0,0,0,1,0
2050.tif,0,0,1,1,0,1,0,0,1,0,1,0,0,0,0,1,0
2051.tif,0,0,1,1,0,1,0,0,1,0,1,0,0,0,0,1,0
2052.tif,0,0,0,1,0,1,0,0,1,0,1,0,0,0,0,1,0
2053.tif,0,0,1,1,0,1,0,0,1,0,1,0,0,0,0,1,0
2054.tif,0,0,0,1,0,1,0,0,1,0,1,0,0,0,0,1,0
2055.tif,0,0,1,1,0,1,0,0,1,0,1,0,0,0,0,1,0
2056.tif,0,1,1,0,0,1,0,0,1,0,1,0,0,0,0,1,0
2057.tif,0,0,1,1,0,1,0,0,1,0,1,0,0,0,0,1,0
2058.tif,0,1,1,1,0,1,0,0,1,0,0,0,0,0,0,1,0
2059.tif,0,1,1,1,0,1,0,0,0,0,1,0,0,0,0,1,0
2060.tif,0,1,0,1,0,1,0,0,1,0,1,0,0,0,0,1,0
2061.tif,0,1,1,0,0,1,0,0,1,0,0,0,0,0,0,1,0
2062.tif,0,0,1,1,0,1,0,0,1,0,1,0,0,0,0,1,0
2063.tif,0,1,0,0,0,1,0,0,1,0,1,0,0,0,0,1,0
2064.tif,0,0,0,0,0,1,0,0,1,0,1,0,0,0,0,1,0
2065.tif,0,0,1,0,0,1,0,0,1,0,0,0,0,0,0,1,0
2066.tif,0,0,1,1,0,1,0,0,0,0,1,0,0,0,0,1,0
2067.tif,0,0,0,1,0,1,0,0,1,0,1,0,0,0,0,1,0
2068.tif,0,1,1,1,0,1,0,0,1,0,1,0,0,0,0,1,0
2069.tif,0,1,1,1,0,1,0,0,1,0,0,0,0,0,0,1,1
2070.tif,0,0,1,1,0,1,0,0,1,0,1,0,0,0,0,1,0
2071.tif,0,0,1,1,0,1,0,0,1,0,1,0,0,0,0,1,0
2072.tif,0,0,1,1,0,1,0,0,0,0,1,0,0,0,0,1,0
2073.tif,0,0,1,1,0,1,0,0,1,0,1,0,0,0,0,1,0
2074.tif,0,0,1,1,0,1,0,0,1,0,1,0,0,0,0,1,0
2075.tif,0,0,1,1,0,1,0,0,0,0,1,0,0,0,0,1,0
2076.tif,0,0,1,1,0,1,0,0,1,0,1,0,0,0,0,1,0
2077.tif,0,1,1,1,0,1,0,0,1,0,1,0,0,0,0,1,0
2078.tif,0,0,1,1,0,1,0,0,1,0,1,0,0,0,0,1,0
2079.tif,0,0,1,1,0,1,0,0,1,0,1,0,0,0,0,1,0
2080.tif,0,0,1,1,0,1,0,0,1,0,1,0,0,0,0,1,0
2081.tif,0,1,0,1,0,1,0,0,1,0,1,1,0,0,0,0,0
2082.tif,0,0,0,0,0,1,0,0,1,0,0,0,0,0,0,1,0
2083.tif,0,0,1,1,0,1,0,0,1,0,1,0,0,0,0,1,0
2084.tif,0,0,1,1,0,1,0,0,0,0,1,0,0,0,0,1,0
2085.tif,0,0,1,0,0,1,0,0,1,0,0,0,0,0,0,0,0
2086.tif,0,1,0,0,0,1,0,0,1,0,0,0,0,0,0,1,0
2087.tif,0,0,1,0,0,1,0,0,1,0,1,0,0,0,0,1,0
2088.tif,0,1,0,0,0,1,0,0,1,0,1,0,0,0,0,0,0
2089.tif,0,1,0,0,0,1,0,0,1,0,0,0,0,0,0,1,0
2090.tif,0,1,0,0,0,1,0,0,1,0,0,0,0,0,0,1,0
2091.tif,0,1,0,0,0,1,0,0,1,0,0,0,0,0,0,1,0
2092.tif,0,1,0,0,0,1,0,0,1,0,1,0,0,0,0,1,0
2093.tif,0,1,0,0,0,1,0,0,1,0,1,0,0,0,0,1,0
2094.tif,0,0,1,1,0,1,0,0,1,0,1,0,0,0,0,1,0
2095.tif,0,1,0,0,0,1,0,0,1,0,1,0,0,0,0,1,0
2096.tif,0,1,0,0,0,1,0,0,1,0,1,0,0,0,0,0,0
2097.tif,0,1,1,1,0,1,0,0,1,0,1,0,0,0,0,1,0
2098.tif,0,1,1,1,0,1,0,0,1,0,1,0,0,0,0,1,0
2099.tif,0,1,1,1,0,1,0,0,1,0,1,0,0,0,0,1,0
2100.tif,0,1,0,1,0,1,0,0,1,0,1,0,0,0,0,1,0
